objectid,artist_creator_collector,date_range,object_type,extent,age_group,inscription,archival_description,title,community_descriptions,current_location,archives_identifier,archives_uri,object_location,image_small,image_thumb,archives_iiif_manifest,archives_conditions_governing_use,archives_takedown_notice,archives_conditions_governing_access,geography,topic_soligar,topic_rites_and_ceremonies_solega,topic_forests,topic_landscape_western_ghats,topic_coffee_plantations,topic_manners_and_customs_solega,topic_savanna_ecology_india,topic_sacred_space,topic_shola_forests,topic_hunting_trophies_collection_and_preservation_shikar_india,family_name_1,family_name_2,bibfame_instances,topics
obj_1,Leslie Coleman,ca 1928-1931,Black and White Photograph,1,,Machan. Ralph & Capt.C',"Family photo album -- travels in south India, north India, Europe and others: Oversize family photo album with over 100 photographs stuck on sheets. Some loose sheets. Includes: Mysore Dasara procession, Chamundi, Halebid, Belur, Biligiriranga Hills (B.R. Hills), Sivasamudram, Mysore Darbar Silver Jubilee, Lalitha Mahal, Carlton House in Bangalore, Srirangapatna, Sravana Belagola Jain Shrine, Bangalore race course, Stupa in Benares, Darjeeling, Qutab Minar in Delhi, Doddaballapur, Mandya, Mysore Zoo, Bachelors' Ball in Bangalore in 1913, Photos from 'Pier 48' in likely European or English landscape with unknown family/friends, Photos from unknown (likely) East Asian country and shipping docks, unknown hilly landscape (likely in India)",Images shows two people climbing a machan.,,Archives at NCBS,MS-012-5-1-OS-6-1,https://collections.archives.ncbs.res.in/handle/42412/99,"https://iiif.archives.ncbs.res.in/iiif/2/3825fb64-8d08-4f51-a352-ce2ba99ec860/full/1642,/0/default.jpg","https://iiif.archives.ncbs.res.in/iiif/2/3825fb64-8d08-4f51-a352-ce2ba99ec860/full/800,/0/default.jpg","https://iiif.archives.ncbs.res.in/iiif/2/3825fb64-8d08-4f51-a352-ce2ba99ec860/full/450,/0/default.jpg",https://collections.archives.ncbs.res.in/server/iiif/6c39ac39-e3d0-4bcd-9082-9b2e38369b42/manifest,https://archives.ncbs.res.in/access,https://archives.ncbs.res.in/takedown,Open Access,Western Ghats (India)--Chamarajnagar--Mysore( Princely state)- India-Karnataka,Soligar,,Forests,,,Manners and customs--Solega,Savanna ecology--India,,,,,Coleman Family,"Coleman, Leslie C.",Soligar;Forests;Manners and customs--Solega;Savanna ecology--India
obj_2,Leslie Coleman,ca 1928-1931,Black and White Photograph,1,Middle aged and Elders,Capt.C & Bison 1930',"Family photo album -- travels in south India, north India, Europe and others: Oversize family photo album with over 100 photographs stuck on sheets. Some loose sheets. Includes: Mysore Dasara procession, Chamundi, Halebid, Belur, Biligiriranga Hills (B.R. Hills), Sivasamudram, Mysore Darbar Silver Jubilee, Lalitha Mahal, Carlton House in Bangalore, Srirangapatna, Sravana Belagola Jain Shrine, Bangalore race course, Stupa in Benares, Darjeeling, Qutab Minar in Delhi, Doddaballapur, Mandya, Mysore Zoo, Bachelors' Ball in Bangalore in 1913, Photos from 'Pier 48' in likely European or English landscape with unknown family/friends, Photos from unknown (likely) East Asian country and shipping docks, unknown hilly landscape (likely in India)",Image shows four people standing next to a hunted bison lying in the grass.,"Image of ""Capt.C"" with members of the (Solega) community with a hunted bison. Dated 1930.
Solega elders said that grasses visible in the understory have disappeared and have been taken over by invasive species Lantana camera.",Archives at NCBS,MS-012-5-1-OS-6-1,https://collections.archives.ncbs.res.in/handle/42412/99,"https://iiif.archives.ncbs.res.in/iiif/2/4973c1ef-5ec2-41f9-92b7-3185befbd7aa/full/2764,/0/default.jpg","https://iiif.archives.ncbs.res.in/iiif/2/4973c1ef-5ec2-41f9-92b7-3185befbd7aa/full/800,/0/default.jpg","https://iiif.archives.ncbs.res.in/iiif/2/4973c1ef-5ec2-41f9-92b7-3185befbd7aa/full/450,/0/default.jpg",https://collections.archives.ncbs.res.in/server/iiif/6c39ac39-e3d0-4bcd-9082-9b2e38369b42/manifest,https://archives.ncbs.res.in/access,https://archives.ncbs.res.in/takedown,Open Access,Western Ghats (India)--Chamarajnagar--Mysore( Princely state)- India-Karnataka,,,Forests,Landscape--Western Ghats,,,Savanna ecology--India,,,Hunting trophies -- Collection and Preservation -- Shikar--India,,Coleman Family,"Coleman, Leslie C.",Forests;Landscape--Western Ghats;Savanna ecology--India;Hunting trophies -- Collection and Preservation -- Shikar--India
obj_3,Leslie Coleman,ca 1928-1931,Black and White Photograph,1,,None,"Family photo album -- travels in south India, north India, Europe and others: Oversize family photo album with over 100 photographs stuck on sheets. Some loose sheets. Includes: Mysore Dasara procession, Chamundi, Halebid, Belur, Biligiriranga Hills (B.R. Hills), Sivasamudram, Mysore Darbar Silver Jubilee, Lalitha Mahal, Carlton House in Bangalore, Srirangapatna, Sravana Belagola Jain Shrine, Bangalore race course, Stupa in Benares, Darjeeling, Qutab Minar in Delhi, Doddaballapur, Mandya, Mysore Zoo, Bachelors' Ball in Bangalore in 1913, Photos from 'Pier 48' in likely European or English landscape with unknown family/friends, Photos from unknown (likely) East Asian country and shipping docks, unknown hilly landscape (likely in India)",Image shows a machan and a ladder in forest.,,Archives at NCBS,MS-012-5-1-OS-6-1,https://collections.archives.ncbs.res.in/handle/42412/99,"https://iiif.archives.ncbs.res.in/iiif/2/d7ea3f8c-43b0-4c0c-80e5-8310dc06ff81/full/1540,/0/default.jpg","https://iiif.archives.ncbs.res.in/iiif/2/d7ea3f8c-43b0-4c0c-80e5-8310dc06ff81/full/800,/0/default.jpg","https://iiif.archives.ncbs.res.in/iiif/2/d7ea3f8c-43b0-4c0c-80e5-8310dc06ff81/full/450,/0/default.jpg",https://collections.archives.ncbs.res.in/server/iiif/6c39ac39-e3d0-4bcd-9082-9b2e38369b42/manifest,https://archives.ncbs.res.in/access,https://archives.ncbs.res.in/takedown,Open Access,Western Ghats (India)--Chamarajnagar--Mysore( Princely state)- India-Karnataka,,,Forests,Landscape--Western Ghats,,Manners and customs--Solega,Savanna ecology--India,,,,,,"Coleman, Leslie C.",Forests;Landscape--Western Ghats;Manners and customs--Solega;Savanna ecology--India
obj_4,Leslie Coleman,ca 1928-1931,Black and White Photograph,1,,None,"Family photo album -- travels in south India, north India, Europe and others: Oversize family photo album with over 100 photographs stuck on sheets. Some loose sheets. Includes: Mysore Dasara procession, Chamundi, Halebid, Belur, Biligiriranga Hills (B.R. Hills), Sivasamudram, Mysore Darbar Silver Jubilee, Lalitha Mahal, Carlton House in Bangalore, Srirangapatna, Sravana Belagola Jain Shrine, Bangalore race course, Stupa in Benares, Darjeeling, Qutab Minar in Delhi, Doddaballapur, Mandya, Mysore Zoo, Bachelors' Ball in Bangalore in 1913, Photos from 'Pier 48' in likely European or English landscape with unknown family/friends, Photos from unknown (likely) East Asian country and shipping docks, unknown hilly landscape (likely in India)",Image shows a machan and a ladder in forest.,,Archives at NCBS,MS-012-5-1-OS-6-1,https://collections.archives.ncbs.res.in/handle/42412/99,"https://iiif.archives.ncbs.res.in/iiif/2/d28777f5-3655-4024-91d1-9495e76c6708/full/1450,/0/default.jpg","https://iiif.archives.ncbs.res.in/iiif/2/d28777f5-3655-4024-91d1-9495e76c6708/full/800,/0/default.jpg","https://iiif.archives.ncbs.res.in/iiif/2/d28777f5-3655-4024-91d1-9495e76c6708/full/450,/0/default.jpg",https://collections.archives.ncbs.res.in/server/iiif/6c39ac39-e3d0-4bcd-9082-9b2e38369b42/manifest,https://archives.ncbs.res.in/access,https://archives.ncbs.res.in/takedown,Open Access,Western Ghats (India)--Chamarajnagar--Mysore( Princely state)- India-Karnataka,,,Forests,Landscape--Western Ghats,,Manners and customs--Solega,Savanna ecology--India,,,,,,"Coleman, Leslie C.",Forests;Landscape--Western Ghats;Manners and customs--Solega;Savanna ecology--India
obj_5,Leslie Coleman,ca 1928-1931,Black and White Photograph,1,,Biligiri Rangens',"Family photo album -- travels in south India, north India, Europe and others: Oversize family photo album with over 100 photographs stuck on sheets. Some loose sheets. Includes: Mysore Dasara procession, Chamundi, Halebid, Belur, Biligiriranga Hills (B.R. Hills), Sivasamudram, Mysore Darbar Silver Jubilee, Lalitha Mahal, Carlton House in Bangalore, Srirangapatna, Sravana Belagola Jain Shrine, Bangalore race course, Stupa in Benares, Darjeeling, Qutab Minar in Delhi, Doddaballapur, Mandya, Mysore Zoo, Bachelors' Ball in Bangalore in 1913, Photos from 'Pier 48' in likely European or English landscape with unknown family/friends, Photos from unknown (likely) East Asian country and shipping docks, unknown hilly landscape (likely in India)",Image shows a dog with hills in the background.,,Archives at NCBS,MS-012-5-1-OS-6-1,https://collections.archives.ncbs.res.in/handle/42412/99,"https://iiif.archives.ncbs.res.in/iiif/2/10a63260-fb60-4b33-9dc6-267c60e80b03/full/3092,/0/default.jpg","https://iiif.archives.ncbs.res.in/iiif/2/10a63260-fb60-4b33-9dc6-267c60e80b03/full/800,/0/default.jpg","https://iiif.archives.ncbs.res.in/iiif/2/10a63260-fb60-4b33-9dc6-267c60e80b03/full/450,/0/default.jpg",https://collections.archives.ncbs.res.in/server/iiif/6c39ac39-e3d0-4bcd-9082-9b2e38369b42/manifest,https://archives.ncbs.res.in/access,https://archives.ncbs.res.in/takedown,Open Access,Western Ghats (India)--Chamarajnagar--Mysore( Princely state)- India-Karnataka,,,Forests,Landscape--Western Ghats,,,,,,,,,"Coleman, Leslie C.",Forests;Landscape--Western Ghats
obj_6,Leslie Coleman,ca 1928-1931,Black and White Photograph,1,,None,"Family photo album -- travels in south India, north India, Europe and others: Oversize family photo album with over 100 photographs stuck on sheets. Some loose sheets. Includes: Mysore Dasara procession, Chamundi, Halebid, Belur, Biligiriranga Hills (B.R. Hills), Sivasamudram, Mysore Darbar Silver Jubilee, Lalitha Mahal, Carlton House in Bangalore, Srirangapatna, Sravana Belagola Jain Shrine, Bangalore race course, Stupa in Benares, Darjeeling, Qutab Minar in Delhi, Doddaballapur, Mandya, Mysore Zoo, Bachelors' Ball in Bangalore in 1913, Photos from 'Pier 48' in likely European or English landscape with unknown family/friends, Photos from unknown (likely) East Asian country and shipping docks, unknown hilly landscape (likely in India)",Image shows four people next to a hunted bison lying in the grass.,,Archives at NCBS,MS-012-5-1-OS-6-1,https://collections.archives.ncbs.res.in/handle/42412/99,"https://iiif.archives.ncbs.res.in/iiif/2/3246a7e0-1cab-448e-b021-0054006018ed/full/2661,/0/default.jpg","https://iiif.archives.ncbs.res.in/iiif/2/3246a7e0-1cab-448e-b021-0054006018ed/full/800,/0/default.jpg","https://iiif.archives.ncbs.res.in/iiif/2/3246a7e0-1cab-448e-b021-0054006018ed/full/450,/0/default.jpg",https://collections.archives.ncbs.res.in/server/iiif/6c39ac39-e3d0-4bcd-9082-9b2e38369b42/manifest,https://archives.ncbs.res.in/access,https://archives.ncbs.res.in/takedown,Open Access,Western Ghats (India)--Chamarajnagar--Mysore( Princely state)- India-Karnataka,Soligar,,Forests,Landscape--Western Ghats,,,Savanna ecology--India,,,Hunting trophies -- Collection and Preservation -- Shikar--India,,Coleman Family,"Coleman, Leslie C.",Soligar;Forests;Landscape--Western Ghats;Savanna ecology--India;Hunting trophies -- Collection and Preservation -- Shikar--India
obj_7,Leslie Coleman,ca 1928-1931,Black and White Photograph,1,,Elephant in Pit 1930',"Family photo album -- travels in south India, north India, Europe and others: Oversize family photo album with over 100 photographs stuck on sheets. Some loose sheets. Includes: Mysore Dasara procession, Chamundi, Halebid, Belur, Biligiriranga Hills (B.R. Hills), Sivasamudram, Mysore Darbar Silver Jubilee, Lalitha Mahal, Carlton House in Bangalore, Srirangapatna, Sravana Belagola Jain Shrine, Bangalore race course, Stupa in Benares, Darjeeling, Qutab Minar in Delhi, Doddaballapur, Mandya, Mysore Zoo, Bachelors' Ball in Bangalore in 1913, Photos from 'Pier 48' in likely European or English landscape with unknown family/friends, Photos from unknown (likely) East Asian country and shipping docks, unknown hilly landscape (likely in India)",Image shows elephant calf in a pit.,,Archives at NCBS,MS-012-5-1-OS-6-1,https://collections.archives.ncbs.res.in/handle/42412/99,"https://iiif.archives.ncbs.res.in/iiif/2/dfb1425b-4f67-4fce-b2ce-38e541ff81e9/full/1909,/0/default.jpg","https://iiif.archives.ncbs.res.in/iiif/2/dfb1425b-4f67-4fce-b2ce-38e541ff81e9/full/800,/0/default.jpg","https://iiif.archives.ncbs.res.in/iiif/2/dfb1425b-4f67-4fce-b2ce-38e541ff81e9/full/450,/0/default.jpg",https://collections.archives.ncbs.res.in/server/iiif/6c39ac39-e3d0-4bcd-9082-9b2e38369b42/manifest,https://archives.ncbs.res.in/access,https://archives.ncbs.res.in/takedown,Open Access,Western Ghats (India)--Chamarajnagar--Mysore( Princely state)- India-Karnataka,,,Forests,,,,,,,,,,"Coleman, Leslie C.",Forests
obj_8,Leslie Coleman,ca 1928-1931,Black and White Photograph,1,,None,"Family photo album -- travels in south India, north India, Europe and others: Oversize family photo album with over 100 photographs stuck on sheets. Some loose sheets. Includes: Mysore Dasara procession, Chamundi, Halebid, Belur, Biligiriranga Hills (B.R. Hills), Sivasamudram, Mysore Darbar Silver Jubilee, Lalitha Mahal, Carlton House in Bangalore, Srirangapatna, Sravana Belagola Jain Shrine, Bangalore race course, Stupa in Benares, Darjeeling, Qutab Minar in Delhi, Doddaballapur, Mandya, Mysore Zoo, Bachelors' Ball in Bangalore in 1913, Photos from 'Pier 48' in likely European or English landscape with unknown family/friends, Photos from unknown (likely) East Asian country and shipping docks, unknown hilly landscape (likely in India)",Image shows four people next to a hunted bison lying in the grass.,,Archives at NCBS,MS-012-5-1-OS-6-1,https://collections.archives.ncbs.res.in/handle/42412/99,"https://iiif.archives.ncbs.res.in/iiif/2/8531dd20-fc83-4bd4-a9db-f623af3a03d7/full/2662,/0/default.jpg","https://iiif.archives.ncbs.res.in/iiif/2/8531dd20-fc83-4bd4-a9db-f623af3a03d7/full/800,/0/default.jpg","https://iiif.archives.ncbs.res.in/iiif/2/8531dd20-fc83-4bd4-a9db-f623af3a03d7/full/450,/0/default.jpg",https://collections.archives.ncbs.res.in/server/iiif/6c39ac39-e3d0-4bcd-9082-9b2e38369b42/manifest,https://archives.ncbs.res.in/access,https://archives.ncbs.res.in/takedown,Open Access,Western Ghats (India)--Chamarajnagar--Mysore( Princely state)- India-Karnataka,Soligar,,Forests,Landscape--Western Ghats,,,Savanna ecology--India,,,Hunting trophies -- Collection and Preservation -- Shikar--India,,Coleman Family,"Coleman, Leslie C.",Soligar;Forests;Landscape--Western Ghats;Savanna ecology--India;Hunting trophies -- Collection and Preservation -- Shikar--India
obj_9,Leslie Coleman,ca 1928-1931,Black and White Photograph,1,,None,"Family photo album -- travels in south India, north India, Europe and others: Oversize family photo album with over 100 photographs stuck on sheets. Some loose sheets. Includes: Mysore Dasara procession, Chamundi, Halebid, Belur, Biligiriranga Hills (B.R. Hills), Sivasamudram, Mysore Darbar Silver Jubilee, Lalitha Mahal, Carlton House in Bangalore, Srirangapatna, Sravana Belagola Jain Shrine, Bangalore race course, Stupa in Benares, Darjeeling, Qutab Minar in Delhi, Doddaballapur, Mandya, Mysore Zoo, Bachelors' Ball in Bangalore in 1913, Photos from 'Pier 48' in likely European or English landscape with unknown family/friends, Photos from unknown (likely) East Asian country and shipping docks, unknown hilly landscape (likely in India)",Image shows elephant calf in a pit.,,Archives at NCBS,MS-012-5-1-OS-6-1,https://collections.archives.ncbs.res.in/handle/42412/99,"https://iiif.archives.ncbs.res.in/iiif/2/26bd6ac4-68e3-43e6-9c48-fa2daee55397/full/1751,/0/default.jpg","https://iiif.archives.ncbs.res.in/iiif/2/26bd6ac4-68e3-43e6-9c48-fa2daee55397/full/800,/0/default.jpg","https://iiif.archives.ncbs.res.in/iiif/2/26bd6ac4-68e3-43e6-9c48-fa2daee55397/full/450,/0/default.jpg",https://collections.archives.ncbs.res.in/server/iiif/6c39ac39-e3d0-4bcd-9082-9b2e38369b42/manifest,https://archives.ncbs.res.in/access,https://archives.ncbs.res.in/takedown,Open Access,Western Ghats (India)--Chamarajnagar--Mysore( Princely state)- India-Karnataka,,,Forests,,,,,,,,,,"Coleman, Leslie C.",Forests
obj_10,Leslie Coleman,ca 1928-1931,Black and White Photograph,1,,None,"Family photo album -- travels in south India, north India, Europe and others: Oversize family photo album with over 100 photographs stuck on sheets. Some loose sheets. Includes: Mysore Dasara procession, Chamundi, Halebid, Belur, Biligiriranga Hills (B.R. Hills), Sivasamudram, Mysore Darbar Silver Jubilee, Lalitha Mahal, Carlton House in Bangalore, Srirangapatna, Sravana Belagola Jain Shrine, Bangalore race course, Stupa in Benares, Darjeeling, Qutab Minar in Delhi, Doddaballapur, Mandya, Mysore Zoo, Bachelors' Ball in Bangalore in 1913, Photos from 'Pier 48' in likely European or English landscape with unknown family/friends, Photos from unknown (likely) East Asian country and shipping docks, unknown hilly landscape (likely in India)",Image shows elephant calf in a pit.,,Archives at NCBS,MS-012-5-1-OS-6-1,https://collections.archives.ncbs.res.in/handle/42412/99,"https://iiif.archives.ncbs.res.in/iiif/2/bcc1962d-5894-43bc-9528-3a9d2c256ff3/full/2616,/0/default.jpg","https://iiif.archives.ncbs.res.in/iiif/2/bcc1962d-5894-43bc-9528-3a9d2c256ff3/full/800,/0/default.jpg","https://iiif.archives.ncbs.res.in/iiif/2/bcc1962d-5894-43bc-9528-3a9d2c256ff3/full/450,/0/default.jpg",https://collections.archives.ncbs.res.in/server/iiif/6c39ac39-e3d0-4bcd-9082-9b2e38369b42/manifest,https://archives.ncbs.res.in/access,https://archives.ncbs.res.in/takedown,Open Access,Western Ghats (India)--Chamarajnagar--Mysore( Princely state)- India-Karnataka,,,Forests,,,,,,,,,,"Coleman, Leslie C.",Forests
obj_11,Leslie Coleman,ca 1928-1931,Black and White Photograph,1,,None,"Family photo album -- travels in south India, north India, Europe and others: Oversize family photo album with over 100 photographs stuck on sheets. Some loose sheets. Includes: Mysore Dasara procession, Chamundi, Halebid, Belur, Biligiriranga Hills (B.R. Hills), Sivasamudram, Mysore Darbar Silver Jubilee, Lalitha Mahal, Carlton House in Bangalore, Srirangapatna, Sravana Belagola Jain Shrine, Bangalore race course, Stupa in Benares, Darjeeling, Qutab Minar in Delhi, Doddaballapur, Mandya, Mysore Zoo, Bachelors' Ball in Bangalore in 1913, Photos from 'Pier 48' in likely European or English landscape with unknown family/friends, Photos from unknown (likely) East Asian country and shipping docks, unknown hilly landscape (likely in India)",Image shows elephant calf in a pit.,,Archives at NCBS,MS-012-5-1-OS-6-1,https://collections.archives.ncbs.res.in/handle/42412/99,"https://iiif.archives.ncbs.res.in/iiif/2/bc758141-feda-4392-b521-0cd723ca073f/full/1662,/0/default.jpg","https://iiif.archives.ncbs.res.in/iiif/2/bc758141-feda-4392-b521-0cd723ca073f/full/800,/0/default.jpg","https://iiif.archives.ncbs.res.in/iiif/2/bc758141-feda-4392-b521-0cd723ca073f/full/450,/0/default.jpg",https://collections.archives.ncbs.res.in/server/iiif/6c39ac39-e3d0-4bcd-9082-9b2e38369b42/manifest,https://archives.ncbs.res.in/access,https://archives.ncbs.res.in/takedown,Open Access,Western Ghats (India)--Chamarajnagar--Mysore( Princely state)- India-Karnataka,,,Forests,,,,,,,,,,"Coleman, Leslie C.",Forests
obj_12,Leslie Coleman,ca 1928-1931,Black and White Photograph,1,Middle aged and Elders,On the way to Machan',"Family photo album -- travels in south India, north India, Europe and others: Oversize family photo album with over 100 photographs stuck on sheets. Some loose sheets. Includes: Mysore Dasara procession, Chamundi, Halebid, Belur, Biligiriranga Hills (B.R. Hills), Sivasamudram, Mysore Darbar Silver Jubilee, Lalitha Mahal, Carlton House in Bangalore, Srirangapatna, Sravana Belagola Jain Shrine, Bangalore race course, Stupa in Benares, Darjeeling, Qutab Minar in Delhi, Doddaballapur, Mandya, Mysore Zoo, Bachelors' Ball in Bangalore in 1913, Photos from 'Pier 48' in likely European or English landscape with unknown family/friends, Photos from unknown (likely) East Asian country and shipping docks, unknown hilly landscape (likely in India)",Image shows five people standing next to a jeep.,,Archives at NCBS,MS-012-5-1-OS-6-1,https://collections.archives.ncbs.res.in/handle/42412/99,"https://iiif.archives.ncbs.res.in/iiif/2/67269688-a73e-4ca7-9e1c-2e9a19114687/full/2212,/0/default.jpg","https://iiif.archives.ncbs.res.in/iiif/2/67269688-a73e-4ca7-9e1c-2e9a19114687/full/800,/0/default.jpg","https://iiif.archives.ncbs.res.in/iiif/2/67269688-a73e-4ca7-9e1c-2e9a19114687/full/450,/0/default.jpg",https://collections.archives.ncbs.res.in/server/iiif/6c39ac39-e3d0-4bcd-9082-9b2e38369b42/manifest,https://archives.ncbs.res.in/access,https://archives.ncbs.res.in/takedown,Open Access,Western Ghats (India)--Chamarajnagar--Mysore( Princely state)- India-Karnataka,Soligar,,Forests,Landscape--Western Ghats,,,,,,Hunting trophies -- Collection and Preservation -- Shikar--India,,Coleman Family,"Coleman, Leslie C.",Soligar;Forests;Landscape--Western Ghats;Hunting trophies -- Collection and Preservation -- Shikar--India
obj_13,Leslie Coleman,ca 1928-1931,Black and White Photograph,1,,Tiger cubs Honnematti',"Family photo album -- travels in south India, north India, Europe and others: Oversize family photo album with over 100 photographs stuck on sheets. Some loose sheets. Includes: Mysore Dasara procession, Chamundi, Halebid, Belur, Biligiriranga Hills (B.R. Hills), Sivasamudram, Mysore Darbar Silver Jubilee, Lalitha Mahal, Carlton House in Bangalore, Srirangapatna, Sravana Belagola Jain Shrine, Bangalore race course, Stupa in Benares, Darjeeling, Qutab Minar in Delhi, Doddaballapur, Mandya, Mysore Zoo, Bachelors' Ball in Bangalore in 1913, Photos from 'Pier 48' in likely European or English landscape with unknown family/friends, Photos from unknown (likely) East Asian country and shipping docks, unknown hilly landscape (likely in India)",Image shows three tiger cubs eating with hills in the background.,,Archives at NCBS,MS-012-5-1-OS-6-1,https://collections.archives.ncbs.res.in/handle/42412/99,"https://iiif.archives.ncbs.res.in/iiif/2/b77d042b-7ed9-46eb-806e-ddd994b1cac2/full/2240,/0/default.jpg","https://iiif.archives.ncbs.res.in/iiif/2/b77d042b-7ed9-46eb-806e-ddd994b1cac2/full/800,/0/default.jpg","https://iiif.archives.ncbs.res.in/iiif/2/b77d042b-7ed9-46eb-806e-ddd994b1cac2/full/450,/0/default.jpg",https://collections.archives.ncbs.res.in/server/iiif/6c39ac39-e3d0-4bcd-9082-9b2e38369b42/manifest,https://archives.ncbs.res.in/access,https://archives.ncbs.res.in/takedown,Open Access,Western Ghats (India)--Chamarajnagar--Mysore( Princely state)- India-Karnataka,,,Forests,,,,,,,,,,"Coleman, Leslie C.",Forests
obj_14,Leslie Coleman,ca 1928-1931,Black and White Photograph,1,,None,"Family photo album -- travels in south India, north India, Europe and others: Oversize family photo album with over 100 photographs stuck on sheets. Some loose sheets. Includes: Mysore Dasara procession, Chamundi, Halebid, Belur, Biligiriranga Hills (B.R. Hills), Sivasamudram, Mysore Darbar Silver Jubilee, Lalitha Mahal, Carlton House in Bangalore, Srirangapatna, Sravana Belagola Jain Shrine, Bangalore race course, Stupa in Benares, Darjeeling, Qutab Minar in Delhi, Doddaballapur, Mandya, Mysore Zoo, Bachelors' Ball in Bangalore in 1913, Photos from 'Pier 48' in likely European or English landscape with unknown family/friends, Photos from unknown (likely) East Asian country and shipping docks, unknown hilly landscape (likely in India)",Image shows a person aiming a rifle with hills in the background.,,Archives at NCBS,MS-012-5-1-OS-6-1,https://collections.archives.ncbs.res.in/handle/42412/99,"https://iiif.archives.ncbs.res.in/iiif/2/aee92955-3dbf-4f00-88d7-ad6103cdb16e/full/1534,/0/default.jpg","https://iiif.archives.ncbs.res.in/iiif/2/aee92955-3dbf-4f00-88d7-ad6103cdb16e/full/800,/0/default.jpg","https://iiif.archives.ncbs.res.in/iiif/2/aee92955-3dbf-4f00-88d7-ad6103cdb16e/full/450,/0/default.jpg",https://collections.archives.ncbs.res.in/server/iiif/6c39ac39-e3d0-4bcd-9082-9b2e38369b42/manifest,https://archives.ncbs.res.in/access,https://archives.ncbs.res.in/takedown,Open Access,Western Ghats (India)--Chamarajnagar--Mysore( Princely state)- India-Karnataka,,,,Landscape--Western Ghats,,,,,,,,Coleman Family,"Coleman, Leslie C.",Landscape--Western Ghats
obj_15,Leslie Coleman,ca 1928-1931,Black and White Photograph,1,Middle aged and Elders,None,"Family photo album -- travels in south India, north India, Europe and others: Oversize family photo album with over 100 photographs stuck on sheets. Some loose sheets. Includes: Mysore Dasara procession, Chamundi, Halebid, Belur, Biligiriranga Hills (B.R. Hills), Sivasamudram, Mysore Darbar Silver Jubilee, Lalitha Mahal, Carlton House in Bangalore, Srirangapatna, Sravana Belagola Jain Shrine, Bangalore race course, Stupa in Benares, Darjeeling, Qutab Minar in Delhi, Doddaballapur, Mandya, Mysore Zoo, Bachelors' Ball in Bangalore in 1913, Photos from 'Pier 48' in likely European or English landscape with unknown family/friends, Photos from unknown (likely) East Asian country and shipping docks, unknown hilly landscape (likely in India)",Image shows people walking hill slopes with rifles.,,Archives at NCBS,MS-012-5-1-OS-6-1,https://collections.archives.ncbs.res.in/handle/42412/99,"https://iiif.archives.ncbs.res.in/iiif/2/a430b618-ccea-4ec2-a459-dce2d6034ce8/full/2121,/0/default.jpg","https://iiif.archives.ncbs.res.in/iiif/2/a430b618-ccea-4ec2-a459-dce2d6034ce8/full/800,/0/default.jpg","https://iiif.archives.ncbs.res.in/iiif/2/a430b618-ccea-4ec2-a459-dce2d6034ce8/full/450,/0/default.jpg",https://collections.archives.ncbs.res.in/server/iiif/6c39ac39-e3d0-4bcd-9082-9b2e38369b42/manifest,https://archives.ncbs.res.in/access,https://archives.ncbs.res.in/takedown,Open Access,Western Ghats (India)--Chamarajnagar--Mysore( Princely state)- India-Karnataka,Soligar,,Forests,Landscape--Western Ghats,,,Savanna ecology--India,,,Hunting trophies -- Collection and Preservation -- Shikar--India,,Coleman Family,"Coleman, Leslie C.",Soligar;Forests;Landscape--Western Ghats;Savanna ecology--India;Hunting trophies -- Collection and Preservation -- Shikar--India
obj_16,Leslie Coleman,ca 1928-1931,Black and White Photograph,1,Middle aged and Elders,None,"Family photo album -- travels in south India, north India, Europe and others: Oversize family photo album with over 100 photographs stuck on sheets. Some loose sheets. Includes: Mysore Dasara procession, Chamundi, Halebid, Belur, Biligiriranga Hills (B.R. Hills), Sivasamudram, Mysore Darbar Silver Jubilee, Lalitha Mahal, Carlton House in Bangalore, Srirangapatna, Sravana Belagola Jain Shrine, Bangalore race course, Stupa in Benares, Darjeeling, Qutab Minar in Delhi, Doddaballapur, Mandya, Mysore Zoo, Bachelors' Ball in Bangalore in 1913, Photos from 'Pier 48' in likely European or English landscape with unknown family/friends, Photos from unknown (likely) East Asian country and shipping docks, unknown hilly landscape (likely in India)",Image shows people walking hill slopes with rifles.,,Archives at NCBS,MS-012-5-1-OS-6-1,https://collections.archives.ncbs.res.in/handle/42412/99,"https://iiif.archives.ncbs.res.in/iiif/2/14dd6ea4-0038-4a27-9ecd-71d272e2c450/full/2098,/0/default.jpg","https://iiif.archives.ncbs.res.in/iiif/2/14dd6ea4-0038-4a27-9ecd-71d272e2c450/full/800,/0/default.jpg","https://iiif.archives.ncbs.res.in/iiif/2/14dd6ea4-0038-4a27-9ecd-71d272e2c450/full/450,/0/default.jpg",https://collections.archives.ncbs.res.in/server/iiif/6c39ac39-e3d0-4bcd-9082-9b2e38369b42/manifest,https://archives.ncbs.res.in/access,https://archives.ncbs.res.in/takedown,Open Access,Western Ghats (India)--Chamarajnagar--Mysore( Princely state)- India-Karnataka,Soligar,,Forests,Landscape--Western Ghats,,,Savanna ecology--India,,,Hunting trophies -- Collection and Preservation -- Shikar--India,,Coleman Family,"Coleman, Leslie C.",Soligar;Forests;Landscape--Western Ghats;Savanna ecology--India;Hunting trophies -- Collection and Preservation -- Shikar--India
obj_17,Leslie Coleman,ca 1928-1931,Black and White Photograph,1,,Machan 1928',"Family photo album -- travels in south India, north India, Europe and others: Oversize family photo album with over 100 photographs stuck on sheets. Some loose sheets. Includes: Mysore Dasara procession, Chamundi, Halebid, Belur, Biligiriranga Hills (B.R. Hills), Sivasamudram, Mysore Darbar Silver Jubilee, Lalitha Mahal, Carlton House in Bangalore, Srirangapatna, Sravana Belagola Jain Shrine, Bangalore race course, Stupa in Benares, Darjeeling, Qutab Minar in Delhi, Doddaballapur, Mandya, Mysore Zoo, Bachelors' Ball in Bangalore in 1913, Photos from 'Pier 48' in likely European or English landscape with unknown family/friends, Photos from unknown (likely) East Asian country and shipping docks, unknown hilly landscape (likely in India)",Image shows a person climbing a Machan.,,Archives at NCBS,MS-012-5-1-OS-6-1,https://collections.archives.ncbs.res.in/handle/42412/99,"https://iiif.archives.ncbs.res.in/iiif/2/04be8130-764c-4d7c-82f9-8b977b89e6eb/full/2757,/0/default.jpg","https://iiif.archives.ncbs.res.in/iiif/2/04be8130-764c-4d7c-82f9-8b977b89e6eb/full/800,/0/default.jpg","https://iiif.archives.ncbs.res.in/iiif/2/04be8130-764c-4d7c-82f9-8b977b89e6eb/full/450,/0/default.jpg",https://collections.archives.ncbs.res.in/server/iiif/6c39ac39-e3d0-4bcd-9082-9b2e38369b42/manifest,https://archives.ncbs.res.in/access,https://archives.ncbs.res.in/takedown,Open Access,Western Ghats (India)--Chamarajnagar--Mysore( Princely state)- India-Karnataka,,,Forests,,,Manners and customs--Solega,,,,,,,"Coleman, Leslie C.",Forests;Manners and customs--Solega
obj_18,Leslie Coleman,ca 1928-1931,Black and White Photograph,1,,Water Hole Biligiri Rungens',"Family photo album -- travels in south India, north India, Europe and others: Oversize family photo album with over 100 photographs stuck on sheets. Some loose sheets. Includes: Mysore Dasara procession, Chamundi, Halebid, Belur, Biligiriranga Hills (B.R. Hills), Sivasamudram, Mysore Darbar Silver Jubilee, Lalitha Mahal, Carlton House in Bangalore, Srirangapatna, Sravana Belagola Jain Shrine, Bangalore race course, Stupa in Benares, Darjeeling, Qutab Minar in Delhi, Doddaballapur, Mandya, Mysore Zoo, Bachelors' Ball in Bangalore in 1913, Photos from 'Pier 48' in likely European or English landscape with unknown family/friends, Photos from unknown (likely) East Asian country and shipping docks, unknown hilly landscape (likely in India)",Image shows a waterhole with trees in the background.,,Archives at NCBS,MS-012-5-1-OS-6-1,https://collections.archives.ncbs.res.in/handle/42412/99,"https://iiif.archives.ncbs.res.in/iiif/2/ace5f8a0-fd5a-4b97-9592-6cd9f37e0400/full/3016,/0/default.jpg","https://iiif.archives.ncbs.res.in/iiif/2/ace5f8a0-fd5a-4b97-9592-6cd9f37e0400/full/800,/0/default.jpg","https://iiif.archives.ncbs.res.in/iiif/2/ace5f8a0-fd5a-4b97-9592-6cd9f37e0400/full/450,/0/default.jpg",https://collections.archives.ncbs.res.in/server/iiif/6c39ac39-e3d0-4bcd-9082-9b2e38369b42/manifest,https://archives.ncbs.res.in/access,https://archives.ncbs.res.in/takedown,Open Access,Western Ghats (India)--Chamarajnagar--Mysore( Princely state)- India-Karnataka,,,Forests,Landscape--Western Ghats,,,Savanna ecology--India,,,,,,"Coleman, Leslie C.",Forests;Landscape--Western Ghats;Savanna ecology--India
obj_19,Leslie Coleman,ca 1928-1931,Black and White Photograph,1,,None,"Family photo album -- travels in south India, north India, Europe and others: Oversize family photo album with over 100 photographs stuck on sheets. Some loose sheets. Includes: Mysore Dasara procession, Chamundi, Halebid, Belur, Biligiriranga Hills (B.R. Hills), Sivasamudram, Mysore Darbar Silver Jubilee, Lalitha Mahal, Carlton House in Bangalore, Srirangapatna, Sravana Belagola Jain Shrine, Bangalore race course, Stupa in Benares, Darjeeling, Qutab Minar in Delhi, Doddaballapur, Mandya, Mysore Zoo, Bachelors' Ball in Bangalore in 1913, Photos from 'Pier 48' in likely European or English landscape with unknown family/friends, Photos from unknown (likely) East Asian country and shipping docks, unknown hilly landscape (likely in India)",Image shows a drying water hole with trees in the background.,,Archives at NCBS,MS-012-5-1-OS-6-1,https://collections.archives.ncbs.res.in/handle/42412/99,"https://iiif.archives.ncbs.res.in/iiif/2/d3ed379d-4bd3-4afe-83c4-7a60615bc238/full/2813,/0/default.jpg","https://iiif.archives.ncbs.res.in/iiif/2/d3ed379d-4bd3-4afe-83c4-7a60615bc238/full/800,/0/default.jpg","https://iiif.archives.ncbs.res.in/iiif/2/d3ed379d-4bd3-4afe-83c4-7a60615bc238/full/450,/0/default.jpg",https://collections.archives.ncbs.res.in/server/iiif/6c39ac39-e3d0-4bcd-9082-9b2e38369b42/manifest,https://archives.ncbs.res.in/access,https://archives.ncbs.res.in/takedown,Open Access,Western Ghats (India)--Chamarajnagar--Mysore( Princely state)- India-Karnataka,,,Forests,Landscape--Western Ghats,,,Savanna ecology--India,,,,,,"Coleman, Leslie C.",Forests;Landscape--Western Ghats;Savanna ecology--India
obj_20,Leslie Coleman,ca 1928-1931,Black and White Photograph,1,,None,"Family photo album -- travels in south India, north India, Europe and others: Oversize family photo album with over 100 photographs stuck on sheets. Some loose sheets. Includes: Mysore Dasara procession, Chamundi, Halebid, Belur, Biligiriranga Hills (B.R. Hills), Sivasamudram, Mysore Darbar Silver Jubilee, Lalitha Mahal, Carlton House in Bangalore, Srirangapatna, Sravana Belagola Jain Shrine, Bangalore race course, Stupa in Benares, Darjeeling, Qutab Minar in Delhi, Doddaballapur, Mandya, Mysore Zoo, Bachelors' Ball in Bangalore in 1913, Photos from 'Pier 48' in likely European or English landscape with unknown family/friends, Photos from unknown (likely) East Asian country and shipping docks, unknown hilly landscape (likely in India)",Image shows a closeup of a Machan.,,Archives at NCBS,MS-012-5-1-OS-6-1,https://collections.archives.ncbs.res.in/handle/42412/99,"https://iiif.archives.ncbs.res.in/iiif/2/acf89ef7-b886-407c-bd01-6ab1a011a6f6/full/2791,/0/default.jpg","https://iiif.archives.ncbs.res.in/iiif/2/acf89ef7-b886-407c-bd01-6ab1a011a6f6/full/800,/0/default.jpg","https://iiif.archives.ncbs.res.in/iiif/2/acf89ef7-b886-407c-bd01-6ab1a011a6f6/full/450,/0/default.jpg",https://collections.archives.ncbs.res.in/server/iiif/6c39ac39-e3d0-4bcd-9082-9b2e38369b42/manifest,https://archives.ncbs.res.in/access,https://archives.ncbs.res.in/takedown,Open Access,Western Ghats (India)--Chamarajnagar--Mysore( Princely state)- India-Karnataka,,,,,,Manners and customs--Solega,,,,,,,"Coleman, Leslie C.",Manners and customs--Solega
obj_21,Leslie Coleman,ca 1928-1931,Black and White Photograph,1,,Ralph Morris & Elephant',"Family photo album -- travels in south India, north India, Europe and others: Oversize family photo album with over 100 photographs stuck on sheets. Some loose sheets. Includes: Mysore Dasara procession, Chamundi, Halebid, Belur, Biligiriranga Hills (B.R. Hills), Sivasamudram, Mysore Darbar Silver Jubilee, Lalitha Mahal, Carlton House in Bangalore, Srirangapatna, Sravana Belagola Jain Shrine, Bangalore race course, Stupa in Benares, Darjeeling, Qutab Minar in Delhi, Doddaballapur, Mandya, Mysore Zoo, Bachelors' Ball in Bangalore in 1913, Photos from 'Pier 48' in likely European or English landscape with unknown family/friends, Photos from unknown (likely) East Asian country and shipping docks, unknown hilly landscape (likely in India)",Image shows Ralph Morris leaning on a dead elephant.,,Archives at NCBS,MS-012-5-1-OS-6-1,https://collections.archives.ncbs.res.in/handle/42412/99,"https://iiif.archives.ncbs.res.in/iiif/2/9d6ed661-8f21-4bea-960c-7f0a7ca5bf8f/full/2757,/0/default.jpg","https://iiif.archives.ncbs.res.in/iiif/2/9d6ed661-8f21-4bea-960c-7f0a7ca5bf8f/full/800,/0/default.jpg","https://iiif.archives.ncbs.res.in/iiif/2/9d6ed661-8f21-4bea-960c-7f0a7ca5bf8f/full/450,/0/default.jpg",https://collections.archives.ncbs.res.in/server/iiif/6c39ac39-e3d0-4bcd-9082-9b2e38369b42/manifest,https://archives.ncbs.res.in/access,https://archives.ncbs.res.in/takedown,Open Access,Western Ghats (India)--Chamarajnagar--Mysore( Princely state)- India-Karnataka,,,Forests,Landscape--Western Ghats,,,Savanna ecology--India,,,Hunting trophies -- Collection and Preservation -- Shikar--India,,Coleman Family,"Coleman, Leslie C.",Forests;Landscape--Western Ghats;Savanna ecology--India;Hunting trophies -- Collection and Preservation -- Shikar--India
obj_22,Leslie Coleman,ca 1928-1931,Black and White Photograph,1,,None,"Family photo album -- travels in south India, north India, Europe and others: Oversize family photo album with over 100 photographs stuck on sheets. Some loose sheets. Includes: Mysore Dasara procession, Chamundi, Halebid, Belur, Biligiriranga Hills (B.R. Hills), Sivasamudram, Mysore Darbar Silver Jubilee, Lalitha Mahal, Carlton House in Bangalore, Srirangapatna, Sravana Belagola Jain Shrine, Bangalore race course, Stupa in Benares, Darjeeling, Qutab Minar in Delhi, Doddaballapur, Mandya, Mysore Zoo, Bachelors' Ball in Bangalore in 1913, Photos from 'Pier 48' in likely European or English landscape with unknown family/friends, Photos from unknown (likely) East Asian country and shipping docks, unknown hilly landscape (likely in India)",Image shows a hilltop.,,Archives at NCBS,MS-012-5-1-OS-6-1,https://collections.archives.ncbs.res.in/handle/42412/99,"https://iiif.archives.ncbs.res.in/iiif/2/e7e4b3b4-7323-42a9-8862-b03e281da2b3/full/2616,/0/default.jpg","https://iiif.archives.ncbs.res.in/iiif/2/e7e4b3b4-7323-42a9-8862-b03e281da2b3/full/800,/0/default.jpg","https://iiif.archives.ncbs.res.in/iiif/2/e7e4b3b4-7323-42a9-8862-b03e281da2b3/full/450,/0/default.jpg",https://collections.archives.ncbs.res.in/server/iiif/6c39ac39-e3d0-4bcd-9082-9b2e38369b42/manifest,https://archives.ncbs.res.in/access,https://archives.ncbs.res.in/takedown,Open Access,Western Ghats (India)--Chamarajnagar--Mysore( Princely state)- India-Karnataka,,,,Landscape--Western Ghats,,,Savanna ecology--India,,,,,,"Coleman, Leslie C.",Landscape--Western Ghats;Savanna ecology--India
obj_23,Leslie Coleman,ca 1928-1931,Black and White Photograph,1,,None,"Family photo album -- travels in south India, north India, Europe and others: Oversize family photo album with over 100 photographs stuck on sheets. Some loose sheets. Includes: Mysore Dasara procession, Chamundi, Halebid, Belur, Biligiriranga Hills (B.R. Hills), Sivasamudram, Mysore Darbar Silver Jubilee, Lalitha Mahal, Carlton House in Bangalore, Srirangapatna, Sravana Belagola Jain Shrine, Bangalore race course, Stupa in Benares, Darjeeling, Qutab Minar in Delhi, Doddaballapur, Mandya, Mysore Zoo, Bachelors' Ball in Bangalore in 1913, Photos from 'Pier 48' in likely European or English landscape with unknown family/friends, Photos from unknown (likely) East Asian country and shipping docks, unknown hilly landscape (likely in India)",Images shows front view of a bungalow.,,Archives at NCBS,MS-012-5-1-OS-6-1,https://collections.archives.ncbs.res.in/handle/42412/99,"https://iiif.archives.ncbs.res.in/iiif/2/47f80d4c-a9be-45f5-8277-cf8ac99e9a76/full/3121,/0/default.jpg","https://iiif.archives.ncbs.res.in/iiif/2/47f80d4c-a9be-45f5-8277-cf8ac99e9a76/full/800,/0/default.jpg","https://iiif.archives.ncbs.res.in/iiif/2/47f80d4c-a9be-45f5-8277-cf8ac99e9a76/full/450,/0/default.jpg",https://collections.archives.ncbs.res.in/server/iiif/6c39ac39-e3d0-4bcd-9082-9b2e38369b42/manifest,https://archives.ncbs.res.in/access,https://archives.ncbs.res.in/takedown,Open Access,Western Ghats (India)--Chamarajnagar--Mysore( Princely state)- India-Karnataka,,,,Landscape--Western Ghats,,,Savanna ecology--India,,,,,,"Coleman, Leslie C.",Landscape--Western Ghats;Savanna ecology--India
obj_24,Leslie Coleman,ca 1928-1931,Black and White Photograph,1,,None,"Family photo album -- travels in south India, north India, Europe and others: Oversize family photo album with over 100 photographs stuck on sheets. Some loose sheets. Includes: Mysore Dasara procession, Chamundi, Halebid, Belur, Biligiriranga Hills (B.R. Hills), Sivasamudram, Mysore Darbar Silver Jubilee, Lalitha Mahal, Carlton House in Bangalore, Srirangapatna, Sravana Belagola Jain Shrine, Bangalore race course, Stupa in Benares, Darjeeling, Qutab Minar in Delhi, Doddaballapur, Mandya, Mysore Zoo, Bachelors' Ball in Bangalore in 1913, Photos from 'Pier 48' in likely European or English landscape with unknown family/friends, Photos from unknown (likely) East Asian country and shipping docks, unknown hilly landscape (likely in India)",Image shows mud road with ornamental plants at the edge.,,Archives at NCBS,MS-012-5-1-OS-6-1,https://collections.archives.ncbs.res.in/handle/42412/99,"https://iiif.archives.ncbs.res.in/iiif/2/9654a74c-b5a2-4f8e-99c6-971a8b8ea765/full/2111,/0/default.jpg","https://iiif.archives.ncbs.res.in/iiif/2/9654a74c-b5a2-4f8e-99c6-971a8b8ea765/full/800,/0/default.jpg","https://iiif.archives.ncbs.res.in/iiif/2/9654a74c-b5a2-4f8e-99c6-971a8b8ea765/full/450,/0/default.jpg",https://collections.archives.ncbs.res.in/server/iiif/6c39ac39-e3d0-4bcd-9082-9b2e38369b42/manifest,https://archives.ncbs.res.in/access,https://archives.ncbs.res.in/takedown,Open Access,Western Ghats (India)--Chamarajnagar--Mysore( Princely state)- India-Karnataka,,,,Landscape--Western Ghats,Coffee plantations,,,,,,,,"Coleman, Leslie C.",Landscape--Western Ghats;Coffee plantations
obj_25,Leslie Coleman,ca 1928-1931,Black and White Photograph,1,,None,"Family photo album -- travels in south India, north India, Europe and others: Oversize family photo album with over 100 photographs stuck on sheets. Some loose sheets. Includes: Mysore Dasara procession, Chamundi, Halebid, Belur, Biligiriranga Hills (B.R. Hills), Sivasamudram, Mysore Darbar Silver Jubilee, Lalitha Mahal, Carlton House in Bangalore, Srirangapatna, Sravana Belagola Jain Shrine, Bangalore race course, Stupa in Benares, Darjeeling, Qutab Minar in Delhi, Doddaballapur, Mandya, Mysore Zoo, Bachelors' Ball in Bangalore in 1913, Photos from 'Pier 48' in likely European or English landscape with unknown family/friends, Photos from unknown (likely) East Asian country and shipping docks, unknown hilly landscape (likely in India)",Image shows a footpath approach to a building.,,Archives at NCBS,MS-012-5-1-OS-6-1,https://collections.archives.ncbs.res.in/handle/42412/99,"https://iiif.archives.ncbs.res.in/iiif/2/81a50c20-fc1d-45db-94f4-f0d4024ff1f1/full/2571,/0/default.jpg","https://iiif.archives.ncbs.res.in/iiif/2/81a50c20-fc1d-45db-94f4-f0d4024ff1f1/full/800,/0/default.jpg","https://iiif.archives.ncbs.res.in/iiif/2/81a50c20-fc1d-45db-94f4-f0d4024ff1f1/full/450,/0/default.jpg",https://collections.archives.ncbs.res.in/server/iiif/6c39ac39-e3d0-4bcd-9082-9b2e38369b42/manifest,https://archives.ncbs.res.in/access,https://archives.ncbs.res.in/takedown,Open Access,Western Ghats (India)--Chamarajnagar--Mysore( Princely state)- India-Karnataka,,,,,Coffee plantations,,,,,,,,"Coleman, Leslie C.",Coffee plantations
obj_26,Leslie Coleman,ca 1928-1931,Black and White Photograph,1,,None,"Family photo album -- travels in south India, north India, Europe and others: Oversize family photo album with over 100 photographs stuck on sheets. Some loose sheets. Includes: Mysore Dasara procession, Chamundi, Halebid, Belur, Biligiriranga Hills (B.R. Hills), Sivasamudram, Mysore Darbar Silver Jubilee, Lalitha Mahal, Carlton House in Bangalore, Srirangapatna, Sravana Belagola Jain Shrine, Bangalore race course, Stupa in Benares, Darjeeling, Qutab Minar in Delhi, Doddaballapur, Mandya, Mysore Zoo, Bachelors' Ball in Bangalore in 1913, Photos from 'Pier 48' in likely European or English landscape with unknown family/friends, Photos from unknown (likely) East Asian country and shipping docks, unknown hilly landscape (likely in India)",Image shows a footpath approach to a building.,,Archives at NCBS,MS-012-5-1-OS-6-1,https://collections.archives.ncbs.res.in/handle/42412/99,"https://iiif.archives.ncbs.res.in/iiif/2/39a71b65-d987-46a1-88da-da408f293a41/full/2638,/0/default.jpg","https://iiif.archives.ncbs.res.in/iiif/2/39a71b65-d987-46a1-88da-da408f293a41/full/800,/0/default.jpg","https://iiif.archives.ncbs.res.in/iiif/2/39a71b65-d987-46a1-88da-da408f293a41/full/450,/0/default.jpg",https://collections.archives.ncbs.res.in/server/iiif/6c39ac39-e3d0-4bcd-9082-9b2e38369b42/manifest,https://archives.ncbs.res.in/access,https://archives.ncbs.res.in/takedown,Open Access,Western Ghats (India)--Chamarajnagar--Mysore( Princely state)- India-Karnataka,,,,,Coffee plantations,,,,,,,,"Coleman, Leslie C.",Coffee plantations
obj_27,Leslie Coleman,ca 1928-1931,Black and White Photograph,1,,None,"Family photo album -- travels in south India, north India, Europe and others: Oversize family photo album with over 100 photographs stuck on sheets. Some loose sheets. Includes: Mysore Dasara procession, Chamundi, Halebid, Belur, Biligiriranga Hills (B.R. Hills), Sivasamudram, Mysore Darbar Silver Jubilee, Lalitha Mahal, Carlton House in Bangalore, Srirangapatna, Sravana Belagola Jain Shrine, Bangalore race course, Stupa in Benares, Darjeeling, Qutab Minar in Delhi, Doddaballapur, Mandya, Mysore Zoo, Bachelors' Ball in Bangalore in 1913, Photos from 'Pier 48' in likely European or English landscape with unknown family/friends, Photos from unknown (likely) East Asian country and shipping docks, unknown hilly landscape (likely in India)",Image shows mud road along a stream.,,Archives at NCBS,MS-012-5-1-OS-6-1,https://collections.archives.ncbs.res.in/handle/42412/99,"https://iiif.archives.ncbs.res.in/iiif/2/27b320b7-3499-4c63-8631-197f81ebbb0d/full/2692,/0/default.jpg","https://iiif.archives.ncbs.res.in/iiif/2/27b320b7-3499-4c63-8631-197f81ebbb0d/full/800,/0/default.jpg","https://iiif.archives.ncbs.res.in/iiif/2/27b320b7-3499-4c63-8631-197f81ebbb0d/full/450,/0/default.jpg",https://collections.archives.ncbs.res.in/server/iiif/6c39ac39-e3d0-4bcd-9082-9b2e38369b42/manifest,https://archives.ncbs.res.in/access,https://archives.ncbs.res.in/takedown,Open Access,Western Ghats (India)--Chamarajnagar--Mysore( Princely state)- India-Karnataka,,,,Landscape--Western Ghats,,,,,,,,,"Coleman, Leslie C.",Landscape--Western Ghats
obj_28,Leslie Coleman,ca 1928-1931,Black and White Photograph,1,,None,"Family photo album -- travels in south India, north India, Europe and others: Oversize family photo album with over 100 photographs stuck on sheets. Some loose sheets. Includes: Mysore Dasara procession, Chamundi, Halebid, Belur, Biligiriranga Hills (B.R. Hills), Sivasamudram, Mysore Darbar Silver Jubilee, Lalitha Mahal, Carlton House in Bangalore, Srirangapatna, Sravana Belagola Jain Shrine, Bangalore race course, Stupa in Benares, Darjeeling, Qutab Minar in Delhi, Doddaballapur, Mandya, Mysore Zoo, Bachelors' Ball in Bangalore in 1913, Photos from 'Pier 48' in likely European or English landscape with unknown family/friends, Photos from unknown (likely) East Asian country and shipping docks, unknown hilly landscape (likely in India)",Image shows fresh burial with flowers.,,Archives at NCBS,MS-012-5-1-OS-6-1,https://collections.archives.ncbs.res.in/handle/42412/99,"https://iiif.archives.ncbs.res.in/iiif/2/bbbb1cb6-195e-452a-afbd-2b896b91a65c/full/2922,/0/default.jpg","https://iiif.archives.ncbs.res.in/iiif/2/bbbb1cb6-195e-452a-afbd-2b896b91a65c/full/800,/0/default.jpg","https://iiif.archives.ncbs.res.in/iiif/2/bbbb1cb6-195e-452a-afbd-2b896b91a65c/full/450,/0/default.jpg",https://collections.archives.ncbs.res.in/server/iiif/6c39ac39-e3d0-4bcd-9082-9b2e38369b42/manifest,https://archives.ncbs.res.in/access,https://archives.ncbs.res.in/takedown,Open Access,Western Ghats (India)--Chamarajnagar--Mysore( Princely state)- India-Karnataka,,,,Landscape--Western Ghats,Coffee plantations,,,,,,,,"Coleman, Leslie C.",Landscape--Western Ghats;Coffee plantations
obj_29,Leslie Coleman,ca 1928-1931,Black and White Photograph,1,,None,"Family photo album -- travels in south India, north India, Europe and others: Oversize family photo album with over 100 photographs stuck on sheets. Some loose sheets. Includes: Mysore Dasara procession, Chamundi, Halebid, Belur, Biligiriranga Hills (B.R. Hills), Sivasamudram, Mysore Darbar Silver Jubilee, Lalitha Mahal, Carlton House in Bangalore, Srirangapatna, Sravana Belagola Jain Shrine, Bangalore race course, Stupa in Benares, Darjeeling, Qutab Minar in Delhi, Doddaballapur, Mandya, Mysore Zoo, Bachelors' Ball in Bangalore in 1913, Photos from 'Pier 48' in likely European or English landscape with unknown family/friends, Photos from unknown (likely) East Asian country and shipping docks, unknown hilly landscape (likely in India)",Image shows a hilltop.,,Archives at NCBS,MS-012-5-1-OS-6-1,https://collections.archives.ncbs.res.in/handle/42412/99,"https://iiif.archives.ncbs.res.in/iiif/2/c9ea630d-22fd-4fa8-adc9-e8ddb690a30a/full/3428,/0/default.jpg","https://iiif.archives.ncbs.res.in/iiif/2/c9ea630d-22fd-4fa8-adc9-e8ddb690a30a/full/800,/0/default.jpg","https://iiif.archives.ncbs.res.in/iiif/2/c9ea630d-22fd-4fa8-adc9-e8ddb690a30a/full/450,/0/default.jpg",https://collections.archives.ncbs.res.in/server/iiif/6c39ac39-e3d0-4bcd-9082-9b2e38369b42/manifest,https://archives.ncbs.res.in/access,https://archives.ncbs.res.in/takedown,Open Access,Western Ghats (India)--Chamarajnagar--Mysore( Princely state)- India-Karnataka,,,Forests,Landscape--Western Ghats,,,Savanna ecology--India,,,,,,"Coleman, Leslie C.",Forests;Landscape--Western Ghats;Savanna ecology--India
obj_30,Leslie Coleman,ca 1928-1931,Black and White Photograph,1,,None,"Family photo album -- travels in south India, north India, Europe and others: Oversize family photo album with over 100 photographs stuck on sheets. Some loose sheets. Includes: Mysore Dasara procession, Chamundi, Halebid, Belur, Biligiriranga Hills (B.R. Hills), Sivasamudram, Mysore Darbar Silver Jubilee, Lalitha Mahal, Carlton House in Bangalore, Srirangapatna, Sravana Belagola Jain Shrine, Bangalore race course, Stupa in Benares, Darjeeling, Qutab Minar in Delhi, Doddaballapur, Mandya, Mysore Zoo, Bachelors' Ball in Bangalore in 1913, Photos from 'Pier 48' in likely European or English landscape with unknown family/friends, Photos from unknown (likely) East Asian country and shipping docks, unknown hilly landscape (likely in India)",Image shows a fresh burial with hill in the background.,,Archives at NCBS,MS-012-5-1-OS-6-1,https://collections.archives.ncbs.res.in/handle/42412/99,"https://iiif.archives.ncbs.res.in/iiif/2/54865160-88c5-48ab-9c18-2dec3f602557/full/3313,/0/default.jpg","https://iiif.archives.ncbs.res.in/iiif/2/54865160-88c5-48ab-9c18-2dec3f602557/full/800,/0/default.jpg","https://iiif.archives.ncbs.res.in/iiif/2/54865160-88c5-48ab-9c18-2dec3f602557/full/450,/0/default.jpg",https://collections.archives.ncbs.res.in/server/iiif/6c39ac39-e3d0-4bcd-9082-9b2e38369b42/manifest,https://archives.ncbs.res.in/access,https://archives.ncbs.res.in/takedown,Open Access,Western Ghats (India)--Chamarajnagar--Mysore( Princely state)- India-Karnataka,,,Forests,,Coffee plantations,,,,,,,,"Coleman, Leslie C.",Forests;Coffee plantations
obj_31,Leslie Coleman,ca 1928-1931,Black and White Photograph,1,,None,"Family photo album -- travels in south India, north India, Europe and others: Oversize family photo album with over 100 photographs stuck on sheets. Some loose sheets. Includes: Mysore Dasara procession, Chamundi, Halebid, Belur, Biligiriranga Hills (B.R. Hills), Sivasamudram, Mysore Darbar Silver Jubilee, Lalitha Mahal, Carlton House in Bangalore, Srirangapatna, Sravana Belagola Jain Shrine, Bangalore race course, Stupa in Benares, Darjeeling, Qutab Minar in Delhi, Doddaballapur, Mandya, Mysore Zoo, Bachelors' Ball in Bangalore in 1913, Photos from 'Pier 48' in likely European or English landscape with unknown family/friends, Photos from unknown (likely) East Asian country and shipping docks, unknown hilly landscape (likely in India)",Image shows hills.,,Archives at NCBS,MS-012-5-1-OS-6-1,https://collections.archives.ncbs.res.in/handle/42412/99,"https://iiif.archives.ncbs.res.in/iiif/2/06345760-1a69-43c9-a211-1a8580671531/full/2580,/0/default.jpg","https://iiif.archives.ncbs.res.in/iiif/2/06345760-1a69-43c9-a211-1a8580671531/full/800,/0/default.jpg","https://iiif.archives.ncbs.res.in/iiif/2/06345760-1a69-43c9-a211-1a8580671531/full/450,/0/default.jpg",https://collections.archives.ncbs.res.in/server/iiif/6c39ac39-e3d0-4bcd-9082-9b2e38369b42/manifest,https://archives.ncbs.res.in/access,https://archives.ncbs.res.in/takedown,Open Access,Western Ghats (India)--Chamarajnagar--Mysore( Princely state)- India-Karnataka,,,Forests,Landscape--Western Ghats,,,,,,,,,"Coleman, Leslie C.",Forests;Landscape--Western Ghats
obj_32,Leslie Coleman,ca 1928-1931,Black and White Photograph,1,,None,"Family photo album -- travels in south India, north India, Europe and others: Oversize family photo album with over 100 photographs stuck on sheets. Some loose sheets. Includes: Mysore Dasara procession, Chamundi, Halebid, Belur, Biligiriranga Hills (B.R. Hills), Sivasamudram, Mysore Darbar Silver Jubilee, Lalitha Mahal, Carlton House in Bangalore, Srirangapatna, Sravana Belagola Jain Shrine, Bangalore race course, Stupa in Benares, Darjeeling, Qutab Minar in Delhi, Doddaballapur, Mandya, Mysore Zoo, Bachelors' Ball in Bangalore in 1913, Photos from 'Pier 48' in likely European or English landscape with unknown family/friends, Photos from unknown (likely) East Asian country and shipping docks, unknown hilly landscape (likely in India)",Image shows landscape with hills.,,Archives at NCBS,MS-012-5-1-OS-6-1,https://collections.archives.ncbs.res.in/handle/42412/99,"https://iiif.archives.ncbs.res.in/iiif/2/8f087bb5-44b8-4acc-be2a-23d2b84e415f/full/2872,/0/default.jpg","https://iiif.archives.ncbs.res.in/iiif/2/8f087bb5-44b8-4acc-be2a-23d2b84e415f/full/800,/0/default.jpg","https://iiif.archives.ncbs.res.in/iiif/2/8f087bb5-44b8-4acc-be2a-23d2b84e415f/full/450,/0/default.jpg",https://collections.archives.ncbs.res.in/server/iiif/6c39ac39-e3d0-4bcd-9082-9b2e38369b42/manifest,https://archives.ncbs.res.in/access,https://archives.ncbs.res.in/takedown,Open Access,Western Ghats (India)--Chamarajnagar--Mysore( Princely state)- India-Karnataka,,,Forests,Landscape--Western Ghats,,,,,,,,,"Coleman, Leslie C.",Forests;Landscape--Western Ghats
obj_33,Leslie Coleman,ca 1928-1931,Black and White Photograph,1,,None,"Family photo album -- travels in south India, north India, Europe and others: Oversize family photo album with over 100 photographs stuck on sheets. Some loose sheets. Includes: Mysore Dasara procession, Chamundi, Halebid, Belur, Biligiriranga Hills (B.R. Hills), Sivasamudram, Mysore Darbar Silver Jubilee, Lalitha Mahal, Carlton House in Bangalore, Srirangapatna, Sravana Belagola Jain Shrine, Bangalore race course, Stupa in Benares, Darjeeling, Qutab Minar in Delhi, Doddaballapur, Mandya, Mysore Zoo, Bachelors' Ball in Bangalore in 1913, Photos from 'Pier 48' in likely European or English landscape with unknown family/friends, Photos from unknown (likely) East Asian country and shipping docks, unknown hilly landscape (likely in India)",Image shows a hilltop.,,Archives at NCBS,MS-012-5-1-OS-6-1,https://collections.archives.ncbs.res.in/handle/42412/99,"https://iiif.archives.ncbs.res.in/iiif/2/eff5cfd4-231d-4d10-a147-a64c69061a52/full/2613,/0/default.jpg","https://iiif.archives.ncbs.res.in/iiif/2/eff5cfd4-231d-4d10-a147-a64c69061a52/full/800,/0/default.jpg","https://iiif.archives.ncbs.res.in/iiif/2/eff5cfd4-231d-4d10-a147-a64c69061a52/full/450,/0/default.jpg",https://collections.archives.ncbs.res.in/server/iiif/6c39ac39-e3d0-4bcd-9082-9b2e38369b42/manifest,https://archives.ncbs.res.in/access,https://archives.ncbs.res.in/takedown,Open Access,Western Ghats (India)--Chamarajnagar--Mysore( Princely state)- India-Karnataka,,,Forests,Landscape--Western Ghats,,,,,,,,,"Coleman, Leslie C.",Forests;Landscape--Western Ghats
obj_34,Leslie Coleman,ca 1928-1931,Black and White Photograph,1,,None,"Family photo album -- travels in south India, north India, Europe and others: Oversize family photo album with over 100 photographs stuck on sheets. Some loose sheets. Includes: Mysore Dasara procession, Chamundi, Halebid, Belur, Biligiriranga Hills (B.R. Hills), Sivasamudram, Mysore Darbar Silver Jubilee, Lalitha Mahal, Carlton House in Bangalore, Srirangapatna, Sravana Belagola Jain Shrine, Bangalore race course, Stupa in Benares, Darjeeling, Qutab Minar in Delhi, Doddaballapur, Mandya, Mysore Zoo, Bachelors' Ball in Bangalore in 1913, Photos from 'Pier 48' in likely European or English landscape with unknown family/friends, Photos from unknown (likely) East Asian country and shipping docks, unknown hilly landscape (likely in India)",Image shows landscape with hills and a camping tent in the distance.,,Archives at NCBS,MS-012-5-1-OS-6-1,https://collections.archives.ncbs.res.in/handle/42412/99,"https://iiif.archives.ncbs.res.in/iiif/2/503fede9-5f78-4ae5-b0d9-24ce977703a4/full/2888,/0/default.jpg","https://iiif.archives.ncbs.res.in/iiif/2/503fede9-5f78-4ae5-b0d9-24ce977703a4/full/800,/0/default.jpg","https://iiif.archives.ncbs.res.in/iiif/2/503fede9-5f78-4ae5-b0d9-24ce977703a4/full/450,/0/default.jpg",https://collections.archives.ncbs.res.in/server/iiif/6c39ac39-e3d0-4bcd-9082-9b2e38369b42/manifest,https://archives.ncbs.res.in/access,https://archives.ncbs.res.in/takedown,Open Access,Western Ghats (India)--Chamarajnagar--Mysore( Princely state)- India-Karnataka,,,Forests,Landscape--Western Ghats,,,,,,,,,"Coleman, Leslie C.",Forests;Landscape--Western Ghats
obj_35,Leslie Coleman,ca 1928-1931,Black and White Photograph,1,,None,"Family photo album -- travels in south India, north India, Europe and others: Oversize family photo album with over 100 photographs stuck on sheets. Some loose sheets. Includes: Mysore Dasara procession, Chamundi, Halebid, Belur, Biligiriranga Hills (B.R. Hills), Sivasamudram, Mysore Darbar Silver Jubilee, Lalitha Mahal, Carlton House in Bangalore, Srirangapatna, Sravana Belagola Jain Shrine, Bangalore race course, Stupa in Benares, Darjeeling, Qutab Minar in Delhi, Doddaballapur, Mandya, Mysore Zoo, Bachelors' Ball in Bangalore in 1913, Photos from 'Pier 48' in likely European or English landscape with unknown family/friends, Photos from unknown (likely) East Asian country and shipping docks, unknown hilly landscape (likely in India)",Image shows a hut with thatched roof.,,Archives at NCBS,MS-012-5-1-OS-6-1,https://collections.archives.ncbs.res.in/handle/42412/99,"https://iiif.archives.ncbs.res.in/iiif/2/9888fc9b-cba8-455e-b67d-186ff8374036/full/3402,/0/default.jpg","https://iiif.archives.ncbs.res.in/iiif/2/9888fc9b-cba8-455e-b67d-186ff8374036/full/800,/0/default.jpg","https://iiif.archives.ncbs.res.in/iiif/2/9888fc9b-cba8-455e-b67d-186ff8374036/full/450,/0/default.jpg",https://collections.archives.ncbs.res.in/server/iiif/6c39ac39-e3d0-4bcd-9082-9b2e38369b42/manifest,https://archives.ncbs.res.in/access,https://archives.ncbs.res.in/takedown,Open Access,Western Ghats (India)--Chamarajnagar--Mysore( Princely state)- India-Karnataka,Soligar,Rites and ceremonies -- Solega,,,,Manners and customs--Solega,,Sacred space,,,,,"Coleman, Leslie C.",Soligar;Rites and ceremonies -- Solega;Manners and customs--Solega;Sacred space
obj_36,Leslie Coleman,ca 1928-1931,Black and White Photograph,1,,None,"Family photo album -- travels in south India, north India, Europe and others: Oversize family photo album with over 100 photographs stuck on sheets. Some loose sheets. Includes: Mysore Dasara procession, Chamundi, Halebid, Belur, Biligiriranga Hills (B.R. Hills), Sivasamudram, Mysore Darbar Silver Jubilee, Lalitha Mahal, Carlton House in Bangalore, Srirangapatna, Sravana Belagola Jain Shrine, Bangalore race course, Stupa in Benares, Darjeeling, Qutab Minar in Delhi, Doddaballapur, Mandya, Mysore Zoo, Bachelors' Ball in Bangalore in 1913, Photos from 'Pier 48' in likely European or English landscape with unknown family/friends, Photos from unknown (likely) East Asian country and shipping docks, unknown hilly landscape (likely in India)","Image shows a mud road, edge of a thatched roof at the bottom and a bamboo basket in the middle.",,Archives at NCBS,MS-012-5-1-OS-6-1,https://collections.archives.ncbs.res.in/handle/42412/99,"https://iiif.archives.ncbs.res.in/iiif/2/9806babd-aa7e-4eff-be80-31e93a03b1f4/full/2835,/0/default.jpg","https://iiif.archives.ncbs.res.in/iiif/2/9806babd-aa7e-4eff-be80-31e93a03b1f4/full/800,/0/default.jpg","https://iiif.archives.ncbs.res.in/iiif/2/9806babd-aa7e-4eff-be80-31e93a03b1f4/full/450,/0/default.jpg",https://collections.archives.ncbs.res.in/server/iiif/6c39ac39-e3d0-4bcd-9082-9b2e38369b42/manifest,https://archives.ncbs.res.in/access,https://archives.ncbs.res.in/takedown,Open Access,Western Ghats (India)--Chamarajnagar--Mysore( Princely state)- India-Karnataka,Soligar,Rites and ceremonies -- Solega,Forests,,,Manners and customs--Solega,,Sacred space,,,,,"Coleman, Leslie C.",Soligar;Rites and ceremonies -- Solega;Forests;Manners and customs--Solega;Sacred space
obj_37,Leslie Coleman,ca 1928-1931,Black and White Photograph,1,,None,"Family photo album -- travels in south India, north India, Europe and others: Oversize family photo album with over 100 photographs stuck on sheets. Some loose sheets. Includes: Mysore Dasara procession, Chamundi, Halebid, Belur, Biligiriranga Hills (B.R. Hills), Sivasamudram, Mysore Darbar Silver Jubilee, Lalitha Mahal, Carlton House in Bangalore, Srirangapatna, Sravana Belagola Jain Shrine, Bangalore race course, Stupa in Benares, Darjeeling, Qutab Minar in Delhi, Doddaballapur, Mandya, Mysore Zoo, Bachelors' Ball in Bangalore in 1913, Photos from 'Pier 48' in likely European or English landscape with unknown family/friends, Photos from unknown (likely) East Asian country and shipping docks, unknown hilly landscape (likely in India)",Image contains a camping tent in front of a building.,,Archives at NCBS,MS-012-5-1-OS-6-1,https://collections.archives.ncbs.res.in/handle/42412/99,"https://iiif.archives.ncbs.res.in/iiif/2/dbf300a5-3b82-4f2e-bae7-ef2cfbd5b560/full/3448,/0/default.jpg","https://iiif.archives.ncbs.res.in/iiif/2/dbf300a5-3b82-4f2e-bae7-ef2cfbd5b560/full/800,/0/default.jpg","https://iiif.archives.ncbs.res.in/iiif/2/dbf300a5-3b82-4f2e-bae7-ef2cfbd5b560/full/450,/0/default.jpg",https://collections.archives.ncbs.res.in/server/iiif/6c39ac39-e3d0-4bcd-9082-9b2e38369b42/manifest,https://archives.ncbs.res.in/access,https://archives.ncbs.res.in/takedown,Open Access,Western Ghats (India)--Chamarajnagar--Mysore( Princely state)- India-Karnataka,,,,,Coffee plantations,,,,,,,,"Coleman, Leslie C.",Coffee plantations
obj_38,Leslie Coleman,ca 1928-1931,Black and White Photograph,1,,None,"Family photo album -- travels in south India, north India, Europe and others: Oversize family photo album with over 100 photographs stuck on sheets. Some loose sheets. Includes: Mysore Dasara procession, Chamundi, Halebid, Belur, Biligiriranga Hills (B.R. Hills), Sivasamudram, Mysore Darbar Silver Jubilee, Lalitha Mahal, Carlton House in Bangalore, Srirangapatna, Sravana Belagola Jain Shrine, Bangalore race course, Stupa in Benares, Darjeeling, Qutab Minar in Delhi, Doddaballapur, Mandya, Mysore Zoo, Bachelors' Ball in Bangalore in 1913, Photos from 'Pier 48' in likely European or English landscape with unknown family/friends, Photos from unknown (likely) East Asian country and shipping docks, unknown hilly landscape (likely in India)",Image contains landscape.,,Archives at NCBS,MS-012-5-1-OS-6-1,https://collections.archives.ncbs.res.in/handle/42412/99,"https://iiif.archives.ncbs.res.in/iiif/2/e075ac64-b97f-40a8-9353-f041975e38b3/full/2846,/0/default.jpg","https://iiif.archives.ncbs.res.in/iiif/2/e075ac64-b97f-40a8-9353-f041975e38b3/full/800,/0/default.jpg","https://iiif.archives.ncbs.res.in/iiif/2/e075ac64-b97f-40a8-9353-f041975e38b3/full/450,/0/default.jpg",https://collections.archives.ncbs.res.in/server/iiif/6c39ac39-e3d0-4bcd-9082-9b2e38369b42/manifest,https://archives.ncbs.res.in/access,https://archives.ncbs.res.in/takedown,Open Access,Western Ghats (India)--Chamarajnagar--Mysore( Princely state)- India-Karnataka,,,Forests,Landscape--Western Ghats,,,,,,,,,"Coleman, Leslie C.",Forests;Landscape--Western Ghats
obj_39,Leslie Coleman,ca 1928-1931,Black and White Photograph,1,,None,"Family photo album -- travels in south India, north India, Europe and others: Oversize family photo album with over 100 photographs stuck on sheets. Some loose sheets. Includes: Mysore Dasara procession, Chamundi, Halebid, Belur, Biligiriranga Hills (B.R. Hills), Sivasamudram, Mysore Darbar Silver Jubilee, Lalitha Mahal, Carlton House in Bangalore, Srirangapatna, Sravana Belagola Jain Shrine, Bangalore race course, Stupa in Benares, Darjeeling, Qutab Minar in Delhi, Doddaballapur, Mandya, Mysore Zoo, Bachelors' Ball in Bangalore in 1913, Photos from 'Pier 48' in likely European or English landscape with unknown family/friends, Photos from unknown (likely) East Asian country and shipping docks, unknown hilly landscape (likely in India)",Image shows a hut with thatched roof.,Basappana chapra photo - Solega community used to build these sacred huts built during the annual roti-habba festival. Made out of baane hullu (Cymbopogon Sp.) - a locally endangered grass and jamun (Syzygium cumini) leaves. This custom still continues as of 2025.,Archives at NCBS,MS-012-5-1-OS-6-1,https://collections.archives.ncbs.res.in/handle/42412/99,"https://iiif.archives.ncbs.res.in/iiif/2/13fc4269-db97-4e3e-b21c-faf345a5f292/full/3493,/0/default.jpg","https://iiif.archives.ncbs.res.in/iiif/2/13fc4269-db97-4e3e-b21c-faf345a5f292/full/800,/0/default.jpg","https://iiif.archives.ncbs.res.in/iiif/2/13fc4269-db97-4e3e-b21c-faf345a5f292/full/450,/0/default.jpg",https://collections.archives.ncbs.res.in/server/iiif/6c39ac39-e3d0-4bcd-9082-9b2e38369b42/manifest,https://archives.ncbs.res.in/access,https://archives.ncbs.res.in/takedown,Open Access,Western Ghats (India)--Chamarajnagar--Mysore( Princely state)- India-Karnataka,Soligar,Rites and ceremonies -- Solega,,,,Manners and customs--Solega,,Sacred space,,,,,"Coleman, Leslie C.",Soligar;Rites and ceremonies -- Solega;Manners and customs--Solega;Sacred space
obj_40,Leslie Coleman,ca 1928-1931,Black and White Photograph,1,Middle aged,None,"Family photo album -- travels in south India, north India, Europe and others: Oversize family photo album with over 100 photographs stuck on sheets. Some loose sheets. Includes: Mysore Dasara procession, Chamundi, Halebid, Belur, Biligiriranga Hills (B.R. Hills), Sivasamudram, Mysore Darbar Silver Jubilee, Lalitha Mahal, Carlton House in Bangalore, Srirangapatna, Sravana Belagola Jain Shrine, Bangalore race course, Stupa in Benares, Darjeeling, Qutab Minar in Delhi, Doddaballapur, Mandya, Mysore Zoo, Bachelors' Ball in Bangalore in 1913, Photos from 'Pier 48' in likely European or English landscape with unknown family/friends, Photos from unknown (likely) East Asian country and shipping docks, unknown hilly landscape (likely in India)",Image shows a woman standing on approach path to a building.,,Archives at NCBS,MS-012-5-1-OS-6-1,https://collections.archives.ncbs.res.in/handle/42412/99,"https://iiif.archives.ncbs.res.in/iiif/2/805db90c-29f7-420a-ba45-4a91d643d39a/full/3530,/0/default.jpg","https://iiif.archives.ncbs.res.in/iiif/2/805db90c-29f7-420a-ba45-4a91d643d39a/full/800,/0/default.jpg","https://iiif.archives.ncbs.res.in/iiif/2/805db90c-29f7-420a-ba45-4a91d643d39a/full/450,/0/default.jpg",https://collections.archives.ncbs.res.in/server/iiif/6c39ac39-e3d0-4bcd-9082-9b2e38369b42/manifest,https://archives.ncbs.res.in/access,https://archives.ncbs.res.in/takedown,Open Access,Western Ghats (India)--Chamarajnagar--Mysore( Princely state)- India-Karnataka,Soligar,,,,,,,,,,,,"Coleman, Leslie C.",Soligar
obj_41,Leslie Coleman,ca 1928-1931,Black and White Photograph,1,Middle aged,None,"Family photo album -- travels in south India, north India, Europe and others: Oversize family photo album with over 100 photographs stuck on sheets. Some loose sheets. Includes: Mysore Dasara procession, Chamundi, Halebid, Belur, Biligiriranga Hills (B.R. Hills), Sivasamudram, Mysore Darbar Silver Jubilee, Lalitha Mahal, Carlton House in Bangalore, Srirangapatna, Sravana Belagola Jain Shrine, Bangalore race course, Stupa in Benares, Darjeeling, Qutab Minar in Delhi, Doddaballapur, Mandya, Mysore Zoo, Bachelors' Ball in Bangalore in 1913, Photos from 'Pier 48' in likely European or English landscape with unknown family/friends, Photos from unknown (likely) East Asian country and shipping docks, unknown hilly landscape (likely in India)",Image shows a woman standing on a road with an umbrella and book in hand.,,Archives at NCBS,MS-012-5-1-OS-6-1,https://collections.archives.ncbs.res.in/handle/42412/99,"https://iiif.archives.ncbs.res.in/iiif/2/4f5a27ef-5bb4-41bf-b957-ff4133b53598/full/2170,/0/default.jpg","https://iiif.archives.ncbs.res.in/iiif/2/4f5a27ef-5bb4-41bf-b957-ff4133b53598/full/800,/0/default.jpg","https://iiif.archives.ncbs.res.in/iiif/2/4f5a27ef-5bb4-41bf-b957-ff4133b53598/full/450,/0/default.jpg",https://collections.archives.ncbs.res.in/server/iiif/6c39ac39-e3d0-4bcd-9082-9b2e38369b42/manifest,https://archives.ncbs.res.in/access,https://archives.ncbs.res.in/takedown,Open Access,Western Ghats (India)--Chamarajnagar--Mysore( Princely state)- India-Karnataka,Soligar,,,,,,,,,,,,"Coleman, Leslie C.",Soligar
obj_42,Leslie Coleman,ca 1928-1931,Black and White Photograph,1,,None,"Family photo album -- travels in south India, north India, Europe and others: Oversize family photo album with over 100 photographs stuck on sheets. Some loose sheets. Includes: Mysore Dasara procession, Chamundi, Halebid, Belur, Biligiriranga Hills (B.R. Hills), Sivasamudram, Mysore Darbar Silver Jubilee, Lalitha Mahal, Carlton House in Bangalore, Srirangapatna, Sravana Belagola Jain Shrine, Bangalore race course, Stupa in Benares, Darjeeling, Qutab Minar in Delhi, Doddaballapur, Mandya, Mysore Zoo, Bachelors' Ball in Bangalore in 1913, Photos from 'Pier 48' in likely European or English landscape with unknown family/friends, Photos from unknown (likely) East Asian country and shipping docks, unknown hilly landscape (likely in India)",Image shows mud road with ornamental plants at the edge.,,Archives at NCBS,MS-012-5-1-OS-6-1,https://collections.archives.ncbs.res.in/handle/42412/99,"https://iiif.archives.ncbs.res.in/iiif/2/1f45aa23-594c-4133-9324-df5fb2bd1596/full/2232,/0/default.jpg","https://iiif.archives.ncbs.res.in/iiif/2/1f45aa23-594c-4133-9324-df5fb2bd1596/full/800,/0/default.jpg","https://iiif.archives.ncbs.res.in/iiif/2/1f45aa23-594c-4133-9324-df5fb2bd1596/full/450,/0/default.jpg",https://collections.archives.ncbs.res.in/server/iiif/6c39ac39-e3d0-4bcd-9082-9b2e38369b42/manifest,https://archives.ncbs.res.in/access,https://archives.ncbs.res.in/takedown,Open Access,Western Ghats (India)--Chamarajnagar--Mysore( Princely state)- India-Karnataka,,,Forests,,Coffee plantations,,,,,,,,"Coleman, Leslie C.",Forests;Coffee plantations
obj_43,Leslie Coleman,ca 1928-1931,Black and White Photograph,1,,None,"Family photo album -- travels in south India, north India, Europe and others: Oversize family photo album with over 100 photographs stuck on sheets. Some loose sheets. Includes: Mysore Dasara procession, Chamundi, Halebid, Belur, Biligiriranga Hills (B.R. Hills), Sivasamudram, Mysore Darbar Silver Jubilee, Lalitha Mahal, Carlton House in Bangalore, Srirangapatna, Sravana Belagola Jain Shrine, Bangalore race course, Stupa in Benares, Darjeeling, Qutab Minar in Delhi, Doddaballapur, Mandya, Mysore Zoo, Bachelors' Ball in Bangalore in 1913, Photos from 'Pier 48' in likely European or English landscape with unknown family/friends, Photos from unknown (likely) East Asian country and shipping docks, unknown hilly landscape (likely in India)",Image shows a landscape with buildings.,,Archives at NCBS,MS-012-5-1-OS-6-1,https://collections.archives.ncbs.res.in/handle/42412/99,"https://iiif.archives.ncbs.res.in/iiif/2/ef027829-f082-4fbb-866b-2bd50c24ae6e/full/2930,/0/default.jpg","https://iiif.archives.ncbs.res.in/iiif/2/ef027829-f082-4fbb-866b-2bd50c24ae6e/full/800,/0/default.jpg","https://iiif.archives.ncbs.res.in/iiif/2/ef027829-f082-4fbb-866b-2bd50c24ae6e/full/450,/0/default.jpg",https://collections.archives.ncbs.res.in/server/iiif/6c39ac39-e3d0-4bcd-9082-9b2e38369b42/manifest,https://archives.ncbs.res.in/access,https://archives.ncbs.res.in/takedown,Open Access,Western Ghats (India)--Chamarajnagar--Mysore( Princely state)- India-Karnataka,,,,Landscape--Western Ghats,Coffee plantations,,,,,,,,"Coleman, Leslie C.",Landscape--Western Ghats;Coffee plantations
obj_44,Leslie Coleman,ca 1928-1931,Black and White Photograph,1,,None,"Family photo album -- travels in south India, north India, Europe and others: Oversize family photo album with over 100 photographs stuck on sheets. Some loose sheets. Includes: Mysore Dasara procession, Chamundi, Halebid, Belur, Biligiriranga Hills (B.R. Hills), Sivasamudram, Mysore Darbar Silver Jubilee, Lalitha Mahal, Carlton House in Bangalore, Srirangapatna, Sravana Belagola Jain Shrine, Bangalore race course, Stupa in Benares, Darjeeling, Qutab Minar in Delhi, Doddaballapur, Mandya, Mysore Zoo, Bachelors' Ball in Bangalore in 1913, Photos from 'Pier 48' in likely European or English landscape with unknown family/friends, Photos from unknown (likely) East Asian country and shipping docks, unknown hilly landscape (likely in India)",Image shows mud road along the stream.,,Archives at NCBS,MS-012-5-1-OS-6-1,https://collections.archives.ncbs.res.in/handle/42412/99,"https://iiif.archives.ncbs.res.in/iiif/2/26b0e913-2455-4a43-b523-5e6fb3eb26d2/full/2619,/0/default.jpg","https://iiif.archives.ncbs.res.in/iiif/2/26b0e913-2455-4a43-b523-5e6fb3eb26d2/full/800,/0/default.jpg","https://iiif.archives.ncbs.res.in/iiif/2/26b0e913-2455-4a43-b523-5e6fb3eb26d2/full/450,/0/default.jpg",https://collections.archives.ncbs.res.in/server/iiif/6c39ac39-e3d0-4bcd-9082-9b2e38369b42/manifest,https://archives.ncbs.res.in/access,https://archives.ncbs.res.in/takedown,Open Access,Western Ghats (India)--Chamarajnagar--Mysore( Princely state)- India-Karnataka,Soligar,,Forests,,,,,,,,,,"Coleman, Leslie C.",Soligar;Forests
obj_45,Leslie Coleman,ca 1928-1931,Black and White Photograph,1,Middle aged and Elders,None,"Family photo album -- travels in south India, north India, Europe and others: Oversize family photo album with over 100 photographs stuck on sheets. Some loose sheets. Includes: Mysore Dasara procession, Chamundi, Halebid, Belur, Biligiriranga Hills (B.R. Hills), Sivasamudram, Mysore Darbar Silver Jubilee, Lalitha Mahal, Carlton House in Bangalore, Srirangapatna, Sravana Belagola Jain Shrine, Bangalore race course, Stupa in Benares, Darjeeling, Qutab Minar in Delhi, Doddaballapur, Mandya, Mysore Zoo, Bachelors' Ball in Bangalore in 1913, Photos from 'Pier 48' in likely European or English landscape with unknown family/friends, Photos from unknown (likely) East Asian country and shipping docks, unknown hilly landscape (likely in India)",Image shows a landscape with group of people standing next to a structure.,,Archives at NCBS,MS-012-5-1-OS-6-1,https://collections.archives.ncbs.res.in/handle/42412/99,"https://iiif.archives.ncbs.res.in/iiif/2/de64103d-9f78-43aa-a6cd-7cd437365c15/full/2941,/0/default.jpg","https://iiif.archives.ncbs.res.in/iiif/2/de64103d-9f78-43aa-a6cd-7cd437365c15/full/800,/0/default.jpg","https://iiif.archives.ncbs.res.in/iiif/2/de64103d-9f78-43aa-a6cd-7cd437365c15/full/450,/0/default.jpg",https://collections.archives.ncbs.res.in/server/iiif/6c39ac39-e3d0-4bcd-9082-9b2e38369b42/manifest,https://archives.ncbs.res.in/access,https://archives.ncbs.res.in/takedown,Open Access,Western Ghats (India)--Chamarajnagar--Mysore( Princely state)- India-Karnataka,Soligar,,,Landscape--Western Ghats,Coffee plantations,,,,,,,Coleman Family,"Coleman, Leslie C.",Soligar;Landscape--Western Ghats;Coffee plantations
obj_46,Leslie Coleman,ca 1928-1931,Black and White Photograph,1,Middle aged and Elders,None,"Family photo album -- travels in south India, north India, Europe and others: Oversize family photo album with over 100 photographs stuck on sheets. Some loose sheets. Includes: Mysore Dasara procession, Chamundi, Halebid, Belur, Biligiriranga Hills (B.R. Hills), Sivasamudram, Mysore Darbar Silver Jubilee, Lalitha Mahal, Carlton House in Bangalore, Srirangapatna, Sravana Belagola Jain Shrine, Bangalore race course, Stupa in Benares, Darjeeling, Qutab Minar in Delhi, Doddaballapur, Mandya, Mysore Zoo, Bachelors' Ball in Bangalore in 1913, Photos from 'Pier 48' in likely European or English landscape with unknown family/friends, Photos from unknown (likely) East Asian country and shipping docks, unknown hilly landscape (likely in India)",Image shows a landscape with people standing next to a structure.,,Archives at NCBS,MS-012-5-1-OS-6-1,https://collections.archives.ncbs.res.in/handle/42412/99,"https://iiif.archives.ncbs.res.in/iiif/2/c9771d26-21c1-403b-8b4f-febc391d0856/full/3354,/0/default.jpg","https://iiif.archives.ncbs.res.in/iiif/2/c9771d26-21c1-403b-8b4f-febc391d0856/full/800,/0/default.jpg","https://iiif.archives.ncbs.res.in/iiif/2/c9771d26-21c1-403b-8b4f-febc391d0856/full/450,/0/default.jpg",https://collections.archives.ncbs.res.in/server/iiif/6c39ac39-e3d0-4bcd-9082-9b2e38369b42/manifest,https://archives.ncbs.res.in/access,https://archives.ncbs.res.in/takedown,Open Access,Western Ghats (India)--Chamarajnagar--Mysore( Princely state)- India-Karnataka,,,,Landscape--Western Ghats,Coffee plantations,,,,,,,Coleman Family,"Coleman, Leslie C.",Landscape--Western Ghats;Coffee plantations
obj_47,Leslie Coleman,ca 1928-1931,Black and White Photograph,1,,None,"Family photo album -- travels in south India, north India, Europe and others: Oversize family photo album with over 100 photographs stuck on sheets. Some loose sheets. Includes: Mysore Dasara procession, Chamundi, Halebid, Belur, Biligiriranga Hills (B.R. Hills), Sivasamudram, Mysore Darbar Silver Jubilee, Lalitha Mahal, Carlton House in Bangalore, Srirangapatna, Sravana Belagola Jain Shrine, Bangalore race course, Stupa in Benares, Darjeeling, Qutab Minar in Delhi, Doddaballapur, Mandya, Mysore Zoo, Bachelors' Ball in Bangalore in 1913, Photos from 'Pier 48' in likely European or English landscape with unknown family/friends, Photos from unknown (likely) East Asian country and shipping docks, unknown hilly landscape (likely in India)",Image shows closeup of plants with hills in the background.,,Archives at NCBS,MS-012-5-1-OS-6-1,https://collections.archives.ncbs.res.in/handle/42412/99,"https://iiif.archives.ncbs.res.in/iiif/2/a4007ec7-431b-4049-8f56-03412615e5fb/full/2753,/0/default.jpg","https://iiif.archives.ncbs.res.in/iiif/2/a4007ec7-431b-4049-8f56-03412615e5fb/full/800,/0/default.jpg","https://iiif.archives.ncbs.res.in/iiif/2/a4007ec7-431b-4049-8f56-03412615e5fb/full/450,/0/default.jpg",https://collections.archives.ncbs.res.in/server/iiif/6c39ac39-e3d0-4bcd-9082-9b2e38369b42/manifest,https://archives.ncbs.res.in/access,https://archives.ncbs.res.in/takedown,Open Access,Western Ghats (India)--Chamarajnagar--Mysore( Princely state)- India-Karnataka,,,Forests,Landscape--Western Ghats,,,,,,,,,"Coleman, Leslie C.",Forests;Landscape--Western Ghats
obj_48,Leslie Coleman,ca 1928-1931,Black and White Photograph,1,,None,"Family photo album -- travels in south India, north India, Europe and others: Oversize family photo album with over 100 photographs stuck on sheets. Some loose sheets. Includes: Mysore Dasara procession, Chamundi, Halebid, Belur, Biligiriranga Hills (B.R. Hills), Sivasamudram, Mysore Darbar Silver Jubilee, Lalitha Mahal, Carlton House in Bangalore, Srirangapatna, Sravana Belagola Jain Shrine, Bangalore race course, Stupa in Benares, Darjeeling, Qutab Minar in Delhi, Doddaballapur, Mandya, Mysore Zoo, Bachelors' Ball in Bangalore in 1913, Photos from 'Pier 48' in likely European or English landscape with unknown family/friends, Photos from unknown (likely) East Asian country and shipping docks, unknown hilly landscape (likely in India)",Image shows landscape with hills.,,Archives at NCBS,MS-012-5-1-OS-6-1,https://collections.archives.ncbs.res.in/handle/42412/99,"https://iiif.archives.ncbs.res.in/iiif/2/c6e95018-d9a8-416a-935b-c6f8a667322c/full/2660,/0/default.jpg","https://iiif.archives.ncbs.res.in/iiif/2/c6e95018-d9a8-416a-935b-c6f8a667322c/full/800,/0/default.jpg","https://iiif.archives.ncbs.res.in/iiif/2/c6e95018-d9a8-416a-935b-c6f8a667322c/full/450,/0/default.jpg",https://collections.archives.ncbs.res.in/server/iiif/6c39ac39-e3d0-4bcd-9082-9b2e38369b42/manifest,https://archives.ncbs.res.in/access,https://archives.ncbs.res.in/takedown,Open Access,Western Ghats (India)--Chamarajnagar--Mysore( Princely state)- India-Karnataka,,,Forests,Landscape--Western Ghats,,,,,,,,,"Coleman, Leslie C.",Forests;Landscape--Western Ghats
obj_49,Leslie Coleman,ca 1928-1931,Black and White Photograph,1,,None,"Family photo album -- travels in south India, north India, Europe and others: Oversize family photo album with over 100 photographs stuck on sheets. Some loose sheets. Includes: Mysore Dasara procession, Chamundi, Halebid, Belur, Biligiriranga Hills (B.R. Hills), Sivasamudram, Mysore Darbar Silver Jubilee, Lalitha Mahal, Carlton House in Bangalore, Srirangapatna, Sravana Belagola Jain Shrine, Bangalore race course, Stupa in Benares, Darjeeling, Qutab Minar in Delhi, Doddaballapur, Mandya, Mysore Zoo, Bachelors' Ball in Bangalore in 1913, Photos from 'Pier 48' in likely European or English landscape with unknown family/friends, Photos from unknown (likely) East Asian country and shipping docks, unknown hilly landscape (likely in India)",Image shows landscape with trees and hills.,,Archives at NCBS,MS-012-5-1-OS-6-1,https://collections.archives.ncbs.res.in/handle/42412/99,"https://iiif.archives.ncbs.res.in/iiif/2/a73cf39b-d553-4706-bf2c-698712632853/full/2684,/0/default.jpg","https://iiif.archives.ncbs.res.in/iiif/2/a73cf39b-d553-4706-bf2c-698712632853/full/800,/0/default.jpg","https://iiif.archives.ncbs.res.in/iiif/2/a73cf39b-d553-4706-bf2c-698712632853/full/450,/0/default.jpg",https://collections.archives.ncbs.res.in/server/iiif/6c39ac39-e3d0-4bcd-9082-9b2e38369b42/manifest,https://archives.ncbs.res.in/access,https://archives.ncbs.res.in/takedown,Open Access,Western Ghats (India)--Chamarajnagar--Mysore( Princely state)- India-Karnataka,,,Forests,Landscape--Western Ghats,,,,,,,,,"Coleman, Leslie C.",Forests;Landscape--Western Ghats
obj_50,Leslie Coleman,ca 1928-1931,Black and White Photograph,1,,None,"Family photo album -- travels in south India, north India, Europe and others: Oversize family photo album with over 100 photographs stuck on sheets. Some loose sheets. Includes: Mysore Dasara procession, Chamundi, Halebid, Belur, Biligiriranga Hills (B.R. Hills), Sivasamudram, Mysore Darbar Silver Jubilee, Lalitha Mahal, Carlton House in Bangalore, Srirangapatna, Sravana Belagola Jain Shrine, Bangalore race course, Stupa in Benares, Darjeeling, Qutab Minar in Delhi, Doddaballapur, Mandya, Mysore Zoo, Bachelors' Ball in Bangalore in 1913, Photos from 'Pier 48' in likely European or English landscape with unknown family/friends, Photos from unknown (likely) East Asian country and shipping docks, unknown hilly landscape (likely in India)",Image shows landscape with hills and a camping tent in the distance.,,Archives at NCBS,MS-012-5-1-OS-6-1,https://collections.archives.ncbs.res.in/handle/42412/99,"https://iiif.archives.ncbs.res.in/iiif/2/c295e853-2ac2-4f5f-8785-cf57ad188479/full/2937,/0/default.jpg","https://iiif.archives.ncbs.res.in/iiif/2/c295e853-2ac2-4f5f-8785-cf57ad188479/full/800,/0/default.jpg","https://iiif.archives.ncbs.res.in/iiif/2/c295e853-2ac2-4f5f-8785-cf57ad188479/full/450,/0/default.jpg",https://collections.archives.ncbs.res.in/server/iiif/6c39ac39-e3d0-4bcd-9082-9b2e38369b42/manifest,https://archives.ncbs.res.in/access,https://archives.ncbs.res.in/takedown,Open Access,Western Ghats (India)--Chamarajnagar--Mysore( Princely state)- India-Karnataka,,,Forests,Landscape--Western Ghats,,,,,,,,,"Coleman, Leslie C.",Forests;Landscape--Western Ghats
obj_51,Leslie Coleman,ca 1928-1931,Black and White Photograph,1,,None,"Family photo album, loose sheets -- Bangalore home, Nilgiris, Mysore -- Part 2 of 4, ca 1924-1929: In envelope titled ""Shyamal 2019-09-26. appears to cover 1924-1929. Includes house on Ali Asker Road; Attikan estate; Rayankere; Palace dairy"" -- Part 2: Lambanis; Marikanive 1925; Snake charmer; Band; Board of Agriculture meeting 1924; Century Club; Hudugur; 7 Ali Asker Road House in Bangalore.",Image shows interior of a building with hunting trophies decorated on walls.,"Image of ""Capt.C"" with members of the (Solega) community with a hunted bison. Dated 1930.
Solega elders said that grasses visible in the understory have disappeared and have been taken over by invasive species Lantana camera.",Archives at NCBS,MS-012-5-1-3-16,https://collections.archives.ncbs.res.in/handle/42412/101,"https://iiif.archives.ncbs.res.in/iiif/2/2085b9e4-6045-487d-972a-102817637596/full/1814,/0/default.jpg","https://iiif.archives.ncbs.res.in/iiif/2/2085b9e4-6045-487d-972a-102817637596/full/800,/0/default.jpg","https://iiif.archives.ncbs.res.in/iiif/2/2085b9e4-6045-487d-972a-102817637596/full/450,/0/default.jpg",https://collections.archives.ncbs.res.in/server/iiif/d806e6bd-64a0-44ac-8dd6-7da4338d3698/manifest,https://archives.ncbs.res.in/access,https://archives.ncbs.res.in/takedown,Open Access,Western Ghats (India)--Chamarajnagar--Mysore( Princely state)- India-Karnataka,,,,,Coffee plantations,,,,,Hunting trophies -- Collection and Preservation -- Shikar--India,,,"Coleman, Leslie C.",Coffee plantations;Hunting trophies -- Collection and Preservation -- Shikar--India
obj_52,Leslie Coleman,ca 1928-1931,Black and White Photograph,1,,None,"Family photo album, loose sheets -- Bangalore home, Nilgiris, Mysore -- Part 2 of 4, ca 1924-1929: In envelope titled ""Shyamal 2019-09-26. appears to cover 1924-1929. Includes house on Ali Asker Road; Attikan estate; Rayankere; Palace dairy"" -- Part 2: Lambanis; Marikanive 1925; Snake charmer; Band; Board of Agriculture meeting 1924; Century Club; Hudugur; 7 Ali Asker Road House in Bangalore.",Image shows front view of a building.,,Archives at NCBS,MS-012-5-1-3-16,https://collections.archives.ncbs.res.in/handle/42412/101,"https://iiif.archives.ncbs.res.in/iiif/2/b3d22ed8-02ec-438e-a380-c4da00fea01a/full/1814,/0/default.jpg","https://iiif.archives.ncbs.res.in/iiif/2/b3d22ed8-02ec-438e-a380-c4da00fea01a/full/800,/0/default.jpg","https://iiif.archives.ncbs.res.in/iiif/2/b3d22ed8-02ec-438e-a380-c4da00fea01a/full/450,/0/default.jpg",https://collections.archives.ncbs.res.in/server/iiif/d806e6bd-64a0-44ac-8dd6-7da4338d3698/manifest,https://archives.ncbs.res.in/access,https://archives.ncbs.res.in/takedown,Open Access,Western Ghats (India)--Chamarajnagar--Mysore( Princely state)- India-Karnataka,,,,,Coffee plantations,,,,,,,,"Coleman, Leslie C.",Coffee plantations
obj_53,Leslie Coleman,ca 1928-1931,Black and White Photograph,1,,None,"Family photo album, loose sheets -- Tea gatherings, visits to hills and historic sites across Mysore, LCC's children. Part 1 of 3: Loose sheets approx. 25 pp, over 100 photographs, mostly 2x3 inches. Includes: Sumarthpur Temple, Srirangapatna, Tipu Sultan's Summer Palace, Bazaar Scenes, Nandi, Mysore Palace Courtyard, Postcards from Egypt, Mysore Dasara (1924), Mysore Palace elephant stables, Chamundi, Photos of Livestock.",Image shows front view of a building and a person on a horse (Ackbar) back.,,Archives at NCBS,MS-012-5-1-3-19,https://collections.archives.ncbs.res.in/handle/42412/104,"https://iiif.archives.ncbs.res.in/iiif/2/5f80bbb3-81e8-4734-97fa-4a0797bf4ddb/full/2686,/0/default.jpg","https://iiif.archives.ncbs.res.in/iiif/2/5f80bbb3-81e8-4734-97fa-4a0797bf4ddb/full/800,/0/default.jpg","https://iiif.archives.ncbs.res.in/iiif/2/5f80bbb3-81e8-4734-97fa-4a0797bf4ddb/full/450,/0/default.jpg",https://collections.archives.ncbs.res.in/server/iiif/e917be14-de9a-4fd8-863d-687fc36092e3/manifest,https://archives.ncbs.res.in/access,https://archives.ncbs.res.in/takedown,Open Access,Western Ghats (India)--Chamarajnagar--Mysore( Princely state)- India-Karnataka,,,,,Coffee plantations,,,,,,,Coleman Family,"Coleman, Leslie C.",Coffee plantations
obj_54,Leslie Coleman,ca 1928-1931,Black and White Photograph,1,,None,"Family photo album, loose sheets -- Tea gatherings, visits to hills and historic sites across Mysore, LCC's children. Part 1 of 3: Loose sheets approx. 25 pp, over 100 photographs, mostly 2x3 inches. Includes: Sumarthpur Temple, Srirangapatna, Tipu Sultan's Summer Palace, Bazaar Scenes, Nandi, Mysore Palace Courtyard, Postcards from Egypt, Mysore Dasara (1924), Mysore Palace elephant stables, Chamundi, Photos of Livestock.",Image shows five people standing next to jeep with containers on the ground.,,Archives at NCBS,MS-012-5-1-3-19,https://collections.archives.ncbs.res.in/handle/42412/104,"https://iiif.archives.ncbs.res.in/iiif/2/afb49fb8-a212-4739-a83e-037b2dfd6fb1/full/2092,/0/default.jpg","https://iiif.archives.ncbs.res.in/iiif/2/afb49fb8-a212-4739-a83e-037b2dfd6fb1/full/800,/0/default.jpg","https://iiif.archives.ncbs.res.in/iiif/2/afb49fb8-a212-4739-a83e-037b2dfd6fb1/full/450,/0/default.jpg",https://collections.archives.ncbs.res.in/server/iiif/e917be14-de9a-4fd8-863d-687fc36092e3/manifest,https://archives.ncbs.res.in/access,https://archives.ncbs.res.in/takedown,Open Access,Western Ghats (India)--Chamarajnagar--Mysore( Princely state)- India-Karnataka,Soligar,,Forests,,,,,,,Hunting trophies -- Collection and Preservation -- Shikar--India,,Coleman Family,"Coleman, Leslie C.",Soligar;Forests;Hunting trophies -- Collection and Preservation -- Shikar--India
obj_55,Leslie Coleman,ca 1928-1931,Black and White Photograph,1,,None,"Family photo album, loose sheets -- Tea gatherings, visits to hills and historic sites across Mysore, LCC's children. Part 1 of 3: Loose sheets approx. 25 pp, over 100 photographs, mostly 2x3 inches. Includes: Sumarthpur Temple, Srirangapatna, Tipu Sultan's Summer Palace, Bazaar Scenes, Nandi, Mysore Palace Courtyard, Postcards from Egypt, Mysore Dasara (1924), Mysore Palace elephant stables, Chamundi, Photos of Livestock.",Image shows people climbing Machan.,,Archives at NCBS,MS-012-5-1-3-19,https://collections.archives.ncbs.res.in/handle/42412/104,"https://iiif.archives.ncbs.res.in/iiif/2/a365b0e3-fbb3-46d3-8ad8-8c0887e22658/full/1473,/0/default.jpg","https://iiif.archives.ncbs.res.in/iiif/2/a365b0e3-fbb3-46d3-8ad8-8c0887e22658/full/800,/0/default.jpg","https://iiif.archives.ncbs.res.in/iiif/2/a365b0e3-fbb3-46d3-8ad8-8c0887e22658/full/450,/0/default.jpg",https://collections.archives.ncbs.res.in/server/iiif/e917be14-de9a-4fd8-863d-687fc36092e3/manifest,https://archives.ncbs.res.in/access,https://archives.ncbs.res.in/takedown,Open Access,Western Ghats (India)--Chamarajnagar--Mysore( Princely state)- India-Karnataka,,,Forests,Landscape--Western Ghats,,Manners and customs--Solega,Savanna ecology--India,,,,,Coleman Family,"Coleman, Leslie C.",Forests;Landscape--Western Ghats;Manners and customs--Solega;Savanna ecology--India
obj_56,Leslie Coleman,ca 1928-1931,Black and White Photograph,1,,None,"Family photo album, loose sheets -- Tea gatherings, visits to hills and historic sites across Mysore, LCC's children. Part 1 of 3: Loose sheets approx. 25 pp, over 100 photographs, mostly 2x3 inches. Includes: Sumarthpur Temple, Srirangapatna, Tipu Sultan's Summer Palace, Bazaar Scenes, Nandi, Mysore Palace Courtyard, Postcards from Egypt, Mysore Dasara (1924), Mysore Palace elephant stables, Chamundi, Photos of Livestock.",Image shows a Machan with a person standing.,,Archives at NCBS,MS-012-5-1-3-19,https://collections.archives.ncbs.res.in/handle/42412/104,"https://iiif.archives.ncbs.res.in/iiif/2/77f25c47-ea8b-4ee7-948d-198126717fc5/full/1485,/0/default.jpg","https://iiif.archives.ncbs.res.in/iiif/2/77f25c47-ea8b-4ee7-948d-198126717fc5/full/800,/0/default.jpg","https://iiif.archives.ncbs.res.in/iiif/2/77f25c47-ea8b-4ee7-948d-198126717fc5/full/450,/0/default.jpg",https://collections.archives.ncbs.res.in/server/iiif/e917be14-de9a-4fd8-863d-687fc36092e3/manifest,https://archives.ncbs.res.in/access,https://archives.ncbs.res.in/takedown,Open Access,Western Ghats (India)--Chamarajnagar--Mysore( Princely state)- India-Karnataka,,,Forests,Landscape--Western Ghats,,Manners and customs--Solega,Savanna ecology--India,,,,,Coleman Family,"Coleman, Leslie C.",Forests;Landscape--Western Ghats;Manners and customs--Solega;Savanna ecology--India
obj_57,Leslie Coleman,ca 1928-1931,Black and White Photograph,1,Middle aged and Elders,Honemetti Pulp House',"Family photo album, loose sheets -- Tea gatherings, visits to hills and historic sites across Mysore, LCC's children. Part 2 of 3, ca 1924-1928, Undated: Loose sheets approx. 25 pp, over 100 photographs, mostly 2x3 inches. Includes: Field sites and paddy granaries, ragi field, Experimental Union Field Day, ""Tea in our Compound, 1928"", LCC on tractor, Taj Mahal and Fatehpur Sikri, LCC and Phebe playing a game on a ship, Butler's family, Coffee growing and drying processes, Attikan Pulp House, Bellagi Hills, Trekking trip to Farewell Rock, photos of LCC's children - Louisa and Leslie Jr., with Phebe and the children's caretakers/ayah.",Image shows three people standing near a coffee pulping machine.,,Archives at NCBS,MS-012-5-1-3-20,https://collections.archives.ncbs.res.in/handle/42412/105,"https://iiif.archives.ncbs.res.in/iiif/2/aac155b3-af6e-4622-933a-c9582053f48d/full/1547,/0/default.jpg","https://iiif.archives.ncbs.res.in/iiif/2/aac155b3-af6e-4622-933a-c9582053f48d/full/800,/0/default.jpg","https://iiif.archives.ncbs.res.in/iiif/2/aac155b3-af6e-4622-933a-c9582053f48d/full/450,/0/default.jpg",https://collections.archives.ncbs.res.in/server/iiif/4b4f7120-fe4e-4b00-b1f5-f72e38f0b5f2/manifest,https://archives.ncbs.res.in/access,https://archives.ncbs.res.in/takedown,Open Access,Western Ghats (India)--Chamarajnagar--Mysore( Princely state)- India-Karnataka,Soligar,,,,Coffee plantations,,,,,,,Coleman Family,"Coleman, Leslie C.",Soligar;Coffee plantations
obj_58,Leslie Coleman,ca 1928-1931,Black and White Photograph,1,Middle aged and Elders,None,"Family photo album, loose sheets -- Tea gatherings, visits to hills and historic sites across Mysore, LCC's children. Part 2 of 3, ca 1924-1928, Undated: Loose sheets approx. 25 pp, over 100 photographs, mostly 2x3 inches. Includes: Field sites and paddy granaries, ragi field, Experimental Union Field Day, ""Tea in our Compound, 1928"", LCC on tractor, Taj Mahal and Fatehpur Sikri, LCC and Phebe playing a game on a ship, Butler's family, Coffee growing and drying processes, Attikan Pulp House, Bellagi Hills, Trekking trip to Farewell Rock, photos of LCC's children - Louisa and Leslie Jr., with Phebe and the children's caretakers/ayah.",Image shows two woman cleaning coffee with a coffee plantation in the background.,,Archives at NCBS,MS-012-5-1-3-20,https://collections.archives.ncbs.res.in/handle/42412/105,"https://iiif.archives.ncbs.res.in/iiif/2/73bf850c-db3c-47ac-a0b2-88d79a10a5cc/full/1386,/0/default.jpg","https://iiif.archives.ncbs.res.in/iiif/2/73bf850c-db3c-47ac-a0b2-88d79a10a5cc/full/800,/0/default.jpg","https://iiif.archives.ncbs.res.in/iiif/2/73bf850c-db3c-47ac-a0b2-88d79a10a5cc/full/450,/0/default.jpg",https://collections.archives.ncbs.res.in/server/iiif/4b4f7120-fe4e-4b00-b1f5-f72e38f0b5f2/manifest,https://archives.ncbs.res.in/access,https://archives.ncbs.res.in/takedown,Open Access,Western Ghats (India)--Chamarajnagar--Mysore( Princely state)- India-Karnataka,Soligar,,,,Coffee plantations,,,,,,,,"Coleman, Leslie C.",Soligar;Coffee plantations
obj_59,Leslie Coleman,ca 1928-1931,Black and White Photograph,1,Middle aged and Elders,None,"Family photo album, loose sheets -- Tea gatherings, visits to hills and historic sites across Mysore, LCC's children. Part 2 of 3, ca 1924-1928, Undated: Loose sheets approx. 25 pp, over 100 photographs, mostly 2x3 inches. Includes: Field sites and paddy granaries, ragi field, Experimental Union Field Day, ""Tea in our Compound, 1928"", LCC on tractor, Taj Mahal and Fatehpur Sikri, LCC and Phebe playing a game on a ship, Butler's family, Coffee growing and drying processes, Attikan Pulp House, Bellagi Hills, Trekking trip to Farewell Rock, photos of LCC's children - Louisa and Leslie Jr., with Phebe and the children's caretakers/ayah.",Image shows two woman cleaning coffee.,,Archives at NCBS,MS-012-5-1-3-20,https://collections.archives.ncbs.res.in/handle/42412/105,"https://iiif.archives.ncbs.res.in/iiif/2/d4458519-17ba-4f08-8ae7-876b395984fe/full/1349,/0/default.jpg","https://iiif.archives.ncbs.res.in/iiif/2/d4458519-17ba-4f08-8ae7-876b395984fe/full/800,/0/default.jpg","https://iiif.archives.ncbs.res.in/iiif/2/d4458519-17ba-4f08-8ae7-876b395984fe/full/450,/0/default.jpg",https://collections.archives.ncbs.res.in/server/iiif/4b4f7120-fe4e-4b00-b1f5-f72e38f0b5f2/manifest,https://archives.ncbs.res.in/access,https://archives.ncbs.res.in/takedown,Open Access,Western Ghats (India)--Chamarajnagar--Mysore( Princely state)- India-Karnataka,Soligar,,,,Coffee plantations,,,,,,,,"Coleman, Leslie C.",Soligar;Coffee plantations
obj_60,Leslie Coleman,ca 1928-1931,Black and White Photograph,1,Middle aged,Sifting Coffee',"Family photo album, loose sheets -- Tea gatherings, visits to hills and historic sites across Mysore, LCC's children. Part 2 of 3, ca 1924-1928, Undated: Loose sheets approx. 25 pp, over 100 photographs, mostly 2x3 inches. Includes: Field sites and paddy granaries, ragi field, Experimental Union Field Day, ""Tea in our Compound, 1928"", LCC on tractor, Taj Mahal and Fatehpur Sikri, LCC and Phebe playing a game on a ship, Butler's family, Coffee growing and drying processes, Attikan Pulp House, Bellagi Hills, Trekking trip to Farewell Rock, photos of LCC's children - Louisa and Leslie Jr., with Phebe and the children's caretakers/ayah.",Image shows a man sifting coffee.,,Archives at NCBS,MS-012-5-1-3-20,https://collections.archives.ncbs.res.in/handle/42412/105,"https://iiif.archives.ncbs.res.in/iiif/2/dfec1af5-af1c-4a0b-8f29-5351e204a477/full/1349,/0/default.jpg","https://iiif.archives.ncbs.res.in/iiif/2/dfec1af5-af1c-4a0b-8f29-5351e204a477/full/800,/0/default.jpg","https://iiif.archives.ncbs.res.in/iiif/2/dfec1af5-af1c-4a0b-8f29-5351e204a477/full/450,/0/default.jpg",https://collections.archives.ncbs.res.in/server/iiif/4b4f7120-fe4e-4b00-b1f5-f72e38f0b5f2/manifest,https://archives.ncbs.res.in/access,https://archives.ncbs.res.in/takedown,Open Access,Western Ghats (India)--Chamarajnagar--Mysore( Princely state)- India-Karnataka,Soligar,,,,Coffee plantations,,,,,,,,"Coleman, Leslie C.",Soligar;Coffee plantations
obj_61,Leslie Coleman,ca 1928-1931,Black and White Photograph,1,,None,"Family photo album, loose sheets -- Tea gatherings, visits to hills and historic sites across Mysore, LCC's children. Part 2 of 3, ca 1924-1928, Undated: Loose sheets approx. 25 pp, over 100 photographs, mostly 2x3 inches. Includes: Field sites and paddy granaries, ragi field, Experimental Union Field Day, ""Tea in our Compound, 1928"", LCC on tractor, Taj Mahal and Fatehpur Sikri, LCC and Phebe playing a game on a ship, Butler's family, Coffee growing and drying processes, Attikan Pulp House, Bellagi Hills, Trekking trip to Farewell Rock, photos of LCC's children - Louisa and Leslie Jr., with Phebe and the children's caretakers/ayah.",Image shows coffee drying on an elevated platforms.,,Archives at NCBS,MS-012-5-1-3-20,https://collections.archives.ncbs.res.in/handle/42412/105,"https://iiif.archives.ncbs.res.in/iiif/2/04b9645f-d51a-482f-8ef2-91733746ba57/full/1361,/0/default.jpg","https://iiif.archives.ncbs.res.in/iiif/2/04b9645f-d51a-482f-8ef2-91733746ba57/full/800,/0/default.jpg","https://iiif.archives.ncbs.res.in/iiif/2/04b9645f-d51a-482f-8ef2-91733746ba57/full/450,/0/default.jpg",https://collections.archives.ncbs.res.in/server/iiif/4b4f7120-fe4e-4b00-b1f5-f72e38f0b5f2/manifest,https://archives.ncbs.res.in/access,https://archives.ncbs.res.in/takedown,Open Access,Western Ghats (India)--Chamarajnagar--Mysore( Princely state)- India-Karnataka,,,,,Coffee plantations,,,,,,,,"Coleman, Leslie C.",Coffee plantations
obj_62,Leslie Coleman,ca 1928-1931,Black and White Photograph,1,,None,"Family photo album, loose sheets -- Tea gatherings, visits to hills and historic sites across Mysore, LCC's children. Part 2 of 3, ca 1924-1928, Undated: Loose sheets approx. 25 pp, over 100 photographs, mostly 2x3 inches. Includes: Field sites and paddy granaries, ragi field, Experimental Union Field Day, ""Tea in our Compound, 1928"", LCC on tractor, Taj Mahal and Fatehpur Sikri, LCC and Phebe playing a game on a ship, Butler's family, Coffee growing and drying processes, Attikan Pulp House, Bellagi Hills, Trekking trip to Farewell Rock, photos of LCC's children - Louisa and Leslie Jr., with Phebe and the children's caretakers/ayah.",Image shows coffee drying on an elevated platforms with a small shelter in the background.,,Archives at NCBS,MS-012-5-1-3-20,https://collections.archives.ncbs.res.in/handle/42412/105,"https://iiif.archives.ncbs.res.in/iiif/2/bc626d3e-56fb-4eb5-9a57-6bb1dfcd2e6c/full/1337,/0/default.jpg","https://iiif.archives.ncbs.res.in/iiif/2/bc626d3e-56fb-4eb5-9a57-6bb1dfcd2e6c/full/800,/0/default.jpg","https://iiif.archives.ncbs.res.in/iiif/2/bc626d3e-56fb-4eb5-9a57-6bb1dfcd2e6c/full/450,/0/default.jpg",https://collections.archives.ncbs.res.in/server/iiif/4b4f7120-fe4e-4b00-b1f5-f72e38f0b5f2/manifest,https://archives.ncbs.res.in/access,https://archives.ncbs.res.in/takedown,Open Access,Western Ghats (India)--Chamarajnagar--Mysore( Princely state)- India-Karnataka,,,,,Coffee plantations,,,,,,,,"Coleman, Leslie C.",Coffee plantations
obj_63,Leslie Coleman,ca 1928-1931,Black and White Photograph,1,,None,"Family photo album, loose sheets -- Tea gatherings, visits to hills and historic sites across Mysore, LCC's children. Part 2 of 3, ca 1924-1928, Undated: Loose sheets approx. 25 pp, over 100 photographs, mostly 2x3 inches. Includes: Field sites and paddy granaries, ragi field, Experimental Union Field Day, ""Tea in our Compound, 1928"", LCC on tractor, Taj Mahal and Fatehpur Sikri, LCC and Phebe playing a game on a ship, Butler's family, Coffee growing and drying processes, Attikan Pulp House, Bellagi Hills, Trekking trip to Farewell Rock, photos of LCC's children - Louisa and Leslie Jr., with Phebe and the children's caretakers/ayah.",Image shows a mud road through a coffee plantation.,,Archives at NCBS,MS-012-5-1-3-20,https://collections.archives.ncbs.res.in/handle/42412/105,"https://iiif.archives.ncbs.res.in/iiif/2/f2066533-a0eb-401c-8daa-13689799a5fe/full/1374,/0/default.jpg","https://iiif.archives.ncbs.res.in/iiif/2/f2066533-a0eb-401c-8daa-13689799a5fe/full/800,/0/default.jpg","https://iiif.archives.ncbs.res.in/iiif/2/f2066533-a0eb-401c-8daa-13689799a5fe/full/450,/0/default.jpg",https://collections.archives.ncbs.res.in/server/iiif/4b4f7120-fe4e-4b00-b1f5-f72e38f0b5f2/manifest,https://archives.ncbs.res.in/access,https://archives.ncbs.res.in/takedown,Open Access,Western Ghats (India)--Chamarajnagar--Mysore( Princely state)- India-Karnataka,,,,,Coffee plantations,,,,,,,,"Coleman, Leslie C.",Coffee plantations
obj_64,Leslie Coleman,ca 1928-1931,Black and White Photograph,1,,Coffee in blossom',"Family photo album, loose sheets -- Tea gatherings, visits to hills and historic sites across Mysore, LCC's children. Part 2 of 3, ca 1924-1928, Undated: Loose sheets approx. 25 pp, over 100 photographs, mostly 2x3 inches. Includes: Field sites and paddy granaries, ragi field, Experimental Union Field Day, ""Tea in our Compound, 1928"", LCC on tractor, Taj Mahal and Fatehpur Sikri, LCC and Phebe playing a game on a ship, Butler's family, Coffee growing and drying processes, Attikan Pulp House, Bellagi Hills, Trekking trip to Farewell Rock, photos of LCC's children - Louisa and Leslie Jr., with Phebe and the children's caretakers/ayah.",Image shows a coffee plantation in blossom.,,Archives at NCBS,MS-012-5-1-3-20,https://collections.archives.ncbs.res.in/handle/42412/105,"https://iiif.archives.ncbs.res.in/iiif/2/2db35ba8-c116-43e5-b6a4-9037d61394ee/full/1869,/0/default.jpg","https://iiif.archives.ncbs.res.in/iiif/2/2db35ba8-c116-43e5-b6a4-9037d61394ee/full/800,/0/default.jpg","https://iiif.archives.ncbs.res.in/iiif/2/2db35ba8-c116-43e5-b6a4-9037d61394ee/full/450,/0/default.jpg",https://collections.archives.ncbs.res.in/server/iiif/4b4f7120-fe4e-4b00-b1f5-f72e38f0b5f2/manifest,https://archives.ncbs.res.in/access,https://archives.ncbs.res.in/takedown,Open Access,Western Ghats (India)--Chamarajnagar--Mysore( Princely state)- India-Karnataka,,,,,Coffee plantations,,,,,,,,"Coleman, Leslie C.",Coffee plantations
obj_65,Leslie Coleman,ca 1928-1931,Black and White Photograph,1,,None,"Family photo album, loose sheets -- Tea gatherings, visits to hills and historic sites across Mysore, LCC's children. Part 2 of 3, ca 1924-1928, Undated: Loose sheets approx. 25 pp, over 100 photographs, mostly 2x3 inches. Includes: Field sites and paddy granaries, ragi field, Experimental Union Field Day, ""Tea in our Compound, 1928"", LCC on tractor, Taj Mahal and Fatehpur Sikri, LCC and Phebe playing a game on a ship, Butler's family, Coffee growing and drying processes, Attikan Pulp House, Bellagi Hills, Trekking trip to Farewell Rock, photos of LCC's children - Louisa and Leslie Jr., with Phebe and the children's caretakers/ayah.",Image shows a mud road through a blossoming coffee plantation.,,Archives at NCBS,MS-012-5-1-3-20,https://collections.archives.ncbs.res.in/handle/42412/105,"https://iiif.archives.ncbs.res.in/iiif/2/72a035c5-7b74-408d-bc81-d89f239779e4/full/1411,/0/default.jpg","https://iiif.archives.ncbs.res.in/iiif/2/72a035c5-7b74-408d-bc81-d89f239779e4/full/800,/0/default.jpg","https://iiif.archives.ncbs.res.in/iiif/2/72a035c5-7b74-408d-bc81-d89f239779e4/full/450,/0/default.jpg",https://collections.archives.ncbs.res.in/server/iiif/4b4f7120-fe4e-4b00-b1f5-f72e38f0b5f2/manifest,https://archives.ncbs.res.in/access,https://archives.ncbs.res.in/takedown,Open Access,Western Ghats (India)--Chamarajnagar--Mysore( Princely state)- India-Karnataka,,,,,Coffee plantations,,,,,,,,"Coleman, Leslie C.",Coffee plantations
obj_66,Leslie Coleman,ca 1928-1931,Black and White Photograph,1,,P R.C & mr. Yove? at Attikan Pulp House',"Family photo album, loose sheets -- Tea gatherings, visits to hills and historic sites across Mysore, LCC's children. Part 2 of 3, ca 1924-1928, Undated: Loose sheets approx. 25 pp, over 100 photographs, mostly 2x3 inches. Includes: Field sites and paddy granaries, ragi field, Experimental Union Field Day, ""Tea in our Compound, 1928"", LCC on tractor, Taj Mahal and Fatehpur Sikri, LCC and Phebe playing a game on a ship, Butler's family, Coffee growing and drying processes, Attikan Pulp House, Bellagi Hills, Trekking trip to Farewell Rock, photos of LCC's children - Louisa and Leslie Jr., with Phebe and the children's caretakers/ayah.",Image shows two people standing near coffee drying platforms.,,Archives at NCBS,MS-012-5-1-3-20,https://collections.archives.ncbs.res.in/handle/42412/105,"https://iiif.archives.ncbs.res.in/iiif/2/8382bb0c-b22f-45cc-9109-b63e205863fc/full/1807,/0/default.jpg","https://iiif.archives.ncbs.res.in/iiif/2/8382bb0c-b22f-45cc-9109-b63e205863fc/full/800,/0/default.jpg","https://iiif.archives.ncbs.res.in/iiif/2/8382bb0c-b22f-45cc-9109-b63e205863fc/full/450,/0/default.jpg",https://collections.archives.ncbs.res.in/server/iiif/4b4f7120-fe4e-4b00-b1f5-f72e38f0b5f2/manifest,https://archives.ncbs.res.in/access,https://archives.ncbs.res.in/takedown,Open Access,Western Ghats (India)--Chamarajnagar--Mysore( Princely state)- India-Karnataka,,,,,Coffee plantations,Manners and customs--Solega,,,,,,,"Coleman, Leslie C.",Coffee plantations;Manners and customs--Solega
obj_67,Leslie Coleman,ca 1928-1931,Black and White Photograph,1,,Coffee blossom',"Family photo album, loose sheets -- Tea gatherings, visits to hills and historic sites across Mysore, LCC's children. Part 2 of 3, ca 1924-1928, Undated: Loose sheets approx. 25 pp, over 100 photographs, mostly 2x3 inches. Includes: Field sites and paddy granaries, ragi field, Experimental Union Field Day, ""Tea in our Compound, 1928"", LCC on tractor, Taj Mahal and Fatehpur Sikri, LCC and Phebe playing a game on a ship, Butler's family, Coffee growing and drying processes, Attikan Pulp House, Bellagi Hills, Trekking trip to Farewell Rock, photos of LCC's children - Louisa and Leslie Jr., with Phebe and the children's caretakers/ayah.",Image shows blossoming coffee plantation.,,Archives at NCBS,MS-012-5-1-3-20,https://collections.archives.ncbs.res.in/handle/42412/105,"https://iiif.archives.ncbs.res.in/iiif/2/1b27b1d6-83c7-4f9e-87af-bef1223c819c/full/1460,/0/default.jpg","https://iiif.archives.ncbs.res.in/iiif/2/1b27b1d6-83c7-4f9e-87af-bef1223c819c/full/800,/0/default.jpg","https://iiif.archives.ncbs.res.in/iiif/2/1b27b1d6-83c7-4f9e-87af-bef1223c819c/full/450,/0/default.jpg",https://collections.archives.ncbs.res.in/server/iiif/4b4f7120-fe4e-4b00-b1f5-f72e38f0b5f2/manifest,https://archives.ncbs.res.in/access,https://archives.ncbs.res.in/takedown,Open Access,Western Ghats (India)--Chamarajnagar--Mysore( Princely state)- India-Karnataka,,,,,Coffee plantations,,,,,,,,"Coleman, Leslie C.",Coffee plantations
obj_68,Leslie Coleman,ca 1928-1931,Black and White Photograph,1,,Looking South',"Family photo album, loose sheets -- Tea gatherings, visits to hills and historic sites across Mysore, LCC's children. Part 2 of 3, ca 1924-1928, Undated: Loose sheets approx. 25 pp, over 100 photographs, mostly 2x3 inches. Includes: Field sites and paddy granaries, ragi field, Experimental Union Field Day, ""Tea in our Compound, 1928"", LCC on tractor, Taj Mahal and Fatehpur Sikri, LCC and Phebe playing a game on a ship, Butler's family, Coffee growing and drying processes, Attikan Pulp House, Bellagi Hills, Trekking trip to Farewell Rock, photos of LCC's children - Louisa and Leslie Jr., with Phebe and the children's caretakers/ayah.",Image shows a hilltop.,,Archives at NCBS,MS-012-5-1-3-20,https://collections.archives.ncbs.res.in/handle/42412/105,"https://iiif.archives.ncbs.res.in/iiif/2/82310a34-c56f-4e10-adca-9aa1142a63e1/full/1361,/0/default.jpg","https://iiif.archives.ncbs.res.in/iiif/2/82310a34-c56f-4e10-adca-9aa1142a63e1/full/800,/0/default.jpg","https://iiif.archives.ncbs.res.in/iiif/2/82310a34-c56f-4e10-adca-9aa1142a63e1/full/450,/0/default.jpg",https://collections.archives.ncbs.res.in/server/iiif/4b4f7120-fe4e-4b00-b1f5-f72e38f0b5f2/manifest,https://archives.ncbs.res.in/access,https://archives.ncbs.res.in/takedown,Open Access,Western Ghats (India)--Chamarajnagar--Mysore( Princely state)- India-Karnataka,,,Forests,Landscape--Western Ghats,,,,,Shola forests,,,,"Coleman, Leslie C.",Forests;Landscape--Western Ghats;Shola forests
obj_69,Leslie Coleman,ca 1928-1931,Black and White Photograph,1,,Farewell rock',"Family photo album, loose sheets -- Tea gatherings, visits to hills and historic sites across Mysore, LCC's children. Part 2 of 3, ca 1924-1928, Undated: Loose sheets approx. 25 pp, over 100 photographs, mostly 2x3 inches. Includes: Field sites and paddy granaries, ragi field, Experimental Union Field Day, ""Tea in our Compound, 1928"", LCC on tractor, Taj Mahal and Fatehpur Sikri, LCC and Phebe playing a game on a ship, Butler's family, Coffee growing and drying processes, Attikan Pulp House, Bellagi Hills, Trekking trip to Farewell Rock, photos of LCC's children - Louisa and Leslie Jr., with Phebe and the children's caretakers/ayah.",Image shows a child sitting at the edge of a rock.,,Archives at NCBS,MS-012-5-1-3-20,https://collections.archives.ncbs.res.in/handle/42412/105,"https://iiif.archives.ncbs.res.in/iiif/2/40d942e8-0d53-4378-a806-bc86b974d0e8/full/1473,/0/default.jpg","https://iiif.archives.ncbs.res.in/iiif/2/40d942e8-0d53-4378-a806-bc86b974d0e8/full/800,/0/default.jpg","https://iiif.archives.ncbs.res.in/iiif/2/40d942e8-0d53-4378-a806-bc86b974d0e8/full/450,/0/default.jpg",https://collections.archives.ncbs.res.in/server/iiif/4b4f7120-fe4e-4b00-b1f5-f72e38f0b5f2/manifest,https://archives.ncbs.res.in/access,https://archives.ncbs.res.in/takedown,Open Access,Western Ghats (India)--Chamarajnagar--Mysore( Princely state)- India-Karnataka,,,,Landscape--Western Ghats,,,,,,,,,"Coleman, Leslie C.",Landscape--Western Ghats
obj_70,Leslie Coleman,ca 1928-1931,Black and White Photograph,1,,Looking North',"Family photo album, loose sheets -- Tea gatherings, visits to hills and historic sites across Mysore, LCC's children. Part 2 of 3, ca 1924-1928, Undated: Loose sheets approx. 25 pp, over 100 photographs, mostly 2x3 inches. Includes: Field sites and paddy granaries, ragi field, Experimental Union Field Day, ""Tea in our Compound, 1928"", LCC on tractor, Taj Mahal and Fatehpur Sikri, LCC and Phebe playing a game on a ship, Butler's family, Coffee growing and drying processes, Attikan Pulp House, Bellagi Hills, Trekking trip to Farewell Rock, photos of LCC's children - Louisa and Leslie Jr., with Phebe and the children's caretakers/ayah.",Image shows landscape with hills and donkey trails.,,Archives at NCBS,MS-012-5-1-3-20,https://collections.archives.ncbs.res.in/handle/42412/105,"https://iiif.archives.ncbs.res.in/iiif/2/6de0397a-036a-4041-a7d8-37c9850f65fe/full/1399,/0/default.jpg","https://iiif.archives.ncbs.res.in/iiif/2/6de0397a-036a-4041-a7d8-37c9850f65fe/full/800,/0/default.jpg","https://iiif.archives.ncbs.res.in/iiif/2/6de0397a-036a-4041-a7d8-37c9850f65fe/full/450,/0/default.jpg",https://collections.archives.ncbs.res.in/server/iiif/4b4f7120-fe4e-4b00-b1f5-f72e38f0b5f2/manifest,https://archives.ncbs.res.in/access,https://archives.ncbs.res.in/takedown,Open Access,Western Ghats (India)--Chamarajnagar--Mysore( Princely state)- India-Karnataka,,,Forests,Landscape--Western Ghats,,,,,Shola forests,,,,"Coleman, Leslie C.",Forests;Landscape--Western Ghats;Shola forests
obj_71,Leslie Coleman,ca 1928-1931,Black and White Photograph,1,,Same as above Nilgeries very faint',"Family photo album, loose sheets -- Tea gatherings, visits to hills and historic sites across Mysore, LCC's children. Part 2 of 3, ca 1924-1928, Undated: Loose sheets approx. 25 pp, over 100 photographs, mostly 2x3 inches. Includes: Field sites and paddy granaries, ragi field, Experimental Union Field Day, ""Tea in our Compound, 1928"", LCC on tractor, Taj Mahal and Fatehpur Sikri, LCC and Phebe playing a game on a ship, Butler's family, Coffee growing and drying processes, Attikan Pulp House, Bellagi Hills, Trekking trip to Farewell Rock, photos of LCC's children - Louisa and Leslie Jr., with Phebe and the children's caretakers/ayah.",Image shows plants in close up with hills in the background.,,Archives at NCBS,MS-012-5-1-3-20,https://collections.archives.ncbs.res.in/handle/42412/105,"https://iiif.archives.ncbs.res.in/iiif/2/b7034462-4c87-40b2-996d-a9b56a6b45d9/full/1411,/0/default.jpg","https://iiif.archives.ncbs.res.in/iiif/2/b7034462-4c87-40b2-996d-a9b56a6b45d9/full/800,/0/default.jpg","https://iiif.archives.ncbs.res.in/iiif/2/b7034462-4c87-40b2-996d-a9b56a6b45d9/full/450,/0/default.jpg",https://collections.archives.ncbs.res.in/server/iiif/4b4f7120-fe4e-4b00-b1f5-f72e38f0b5f2/manifest,https://archives.ncbs.res.in/access,https://archives.ncbs.res.in/takedown,Open Access,Western Ghats (India)--Chamarajnagar--Mysore( Princely state)- India-Karnataka,,,Forests,Landscape--Western Ghats,,,,,Shola forests,,,,"Coleman, Leslie C.",Forests;Landscape--Western Ghats;Shola forests
obj_72,Leslie Coleman,ca 1928-1931,Black and White Photograph,1,,Looking South Hills and Valley?',"Family photo album, loose sheets -- Tea gatherings, visits to hills and historic sites across Mysore, LCC's children. Part 2 of 3, ca 1924-1928, Undated: Loose sheets approx. 25 pp, over 100 photographs, mostly 2x3 inches. Includes: Field sites and paddy granaries, ragi field, Experimental Union Field Day, ""Tea in our Compound, 1928"", LCC on tractor, Taj Mahal and Fatehpur Sikri, LCC and Phebe playing a game on a ship, Butler's family, Coffee growing and drying processes, Attikan Pulp House, Bellagi Hills, Trekking trip to Farewell Rock, photos of LCC's children - Louisa and Leslie Jr., with Phebe and the children's caretakers/ayah.",Image shows landscape with hills and valley.,,Archives at NCBS,MS-012-5-1-3-20,https://collections.archives.ncbs.res.in/handle/42412/105,"https://iiif.archives.ncbs.res.in/iiif/2/1f41c016-4a4a-4c8c-b298-45d38b5d5115/full/1423,/0/default.jpg","https://iiif.archives.ncbs.res.in/iiif/2/1f41c016-4a4a-4c8c-b298-45d38b5d5115/full/800,/0/default.jpg","https://iiif.archives.ncbs.res.in/iiif/2/1f41c016-4a4a-4c8c-b298-45d38b5d5115/full/450,/0/default.jpg",https://collections.archives.ncbs.res.in/server/iiif/4b4f7120-fe4e-4b00-b1f5-f72e38f0b5f2/manifest,https://archives.ncbs.res.in/access,https://archives.ncbs.res.in/takedown,Open Access,Western Ghats (India)--Chamarajnagar--Mysore( Princely state)- India-Karnataka,,,Forests,Landscape--Western Ghats,,,,,,,,,"Coleman, Leslie C.",Forests;Landscape--Western Ghats
obj_73,Leslie Coleman,ca 1928-1931,Black and White Photograph,1,,Bellagi Hills',"Family photo album, loose sheets -- Tea gatherings, visits to hills and historic sites across Mysore, LCC's children. Part 2 of 3, ca 1924-1928, Undated: Loose sheets approx. 25 pp, over 100 photographs, mostly 2x3 inches. Includes: Field sites and paddy granaries, ragi field, Experimental Union Field Day, ""Tea in our Compound, 1928"", LCC on tractor, Taj Mahal and Fatehpur Sikri, LCC and Phebe playing a game on a ship, Butler's family, Coffee growing and drying processes, Attikan Pulp House, Bellagi Hills, Trekking trip to Farewell Rock, photos of LCC's children - Louisa and Leslie Jr., with Phebe and the children's caretakers/ayah.",Image shows landscape with hills and valley.,,Archives at NCBS,MS-012-5-1-3-20,https://collections.archives.ncbs.res.in/handle/42412/105,"https://iiif.archives.ncbs.res.in/iiif/2/d9c8fa0f-a812-4d02-bf9c-0b816fab8ca5/full/1361,/0/default.jpg","https://iiif.archives.ncbs.res.in/iiif/2/d9c8fa0f-a812-4d02-bf9c-0b816fab8ca5/full/800,/0/default.jpg","https://iiif.archives.ncbs.res.in/iiif/2/d9c8fa0f-a812-4d02-bf9c-0b816fab8ca5/full/450,/0/default.jpg",https://collections.archives.ncbs.res.in/server/iiif/4b4f7120-fe4e-4b00-b1f5-f72e38f0b5f2/manifest,https://archives.ncbs.res.in/access,https://archives.ncbs.res.in/takedown,Open Access,Western Ghats (India)--Chamarajnagar--Mysore( Princely state)- India-Karnataka,,,,Landscape--Western Ghats,,,,,Shola forests,,,,"Coleman, Leslie C.",Landscape--Western Ghats;Shola forests
obj_74,Leslie Coleman,ca 1928-1931,Black and White Photograph,1,"Children, Middle aged and Elders",Coolies at Garstead',"Family photo album, loose sheets -- Tea gatherings, visits to hills and historic sites across Mysore, LCC's children. Part 2 of 3, ca 1924-1928, Undated: Loose sheets approx. 25 pp, over 100 photographs, mostly 2x3 inches. Includes: Field sites and paddy granaries, ragi field, Experimental Union Field Day, ""Tea in our Compound, 1928"", LCC on tractor, Taj Mahal and Fatehpur Sikri, LCC and Phebe playing a game on a ship, Butler's family, Coffee growing and drying processes, Attikan Pulp House, Bellagi Hills, Trekking trip to Farewell Rock, photos of LCC's children - Louisa and Leslie Jr., with Phebe and the children's caretakers/ayah.","Image show group of people including children, women and men.",,Archives at NCBS,MS-012-5-1-3-20,https://collections.archives.ncbs.res.in/handle/42412/105,"https://iiif.archives.ncbs.res.in/iiif/2/1de9426b-9ac8-4b1a-ab81-5810bd052b50/full/1374,/0/default.jpg","https://iiif.archives.ncbs.res.in/iiif/2/1de9426b-9ac8-4b1a-ab81-5810bd052b50/full/800,/0/default.jpg","https://iiif.archives.ncbs.res.in/iiif/2/1de9426b-9ac8-4b1a-ab81-5810bd052b50/full/450,/0/default.jpg",https://collections.archives.ncbs.res.in/server/iiif/4b4f7120-fe4e-4b00-b1f5-f72e38f0b5f2/manifest,https://archives.ncbs.res.in/access,https://archives.ncbs.res.in/takedown,Open Access,Western Ghats (India)--Chamarajnagar--Mysore( Princely state)- India-Karnataka,Soligar,,,,Coffee plantations,,,,,,,,"Coleman, Leslie C.",Soligar;Coffee plantations
obj_75,Leslie Coleman,ca 1928-1931,Black and White Photograph,1,,None,"Family photo album, loose sheets -- Tea gatherings, visits to hills and historic sites across Mysore, LCC's children. Part 2 of 3, ca 1924-1928, Undated: Loose sheets approx. 25 pp, over 100 photographs, mostly 2x3 inches. Includes: Field sites and paddy granaries, ragi field, Experimental Union Field Day, ""Tea in our Compound, 1928"", LCC on tractor, Taj Mahal and Fatehpur Sikri, LCC and Phebe playing a game on a ship, Butler's family, Coffee growing and drying processes, Attikan Pulp House, Bellagi Hills, Trekking trip to Farewell Rock, photos of LCC's children - Louisa and Leslie Jr., with Phebe and the children's caretakers/ayah.",Image shows plants and hill top.,,Archives at NCBS,MS-012-5-1-3-20,https://collections.archives.ncbs.res.in/handle/42412/105,"https://iiif.archives.ncbs.res.in/iiif/2/89caea41-6682-41be-9bdf-85fa581e8938/full/1337,/0/default.jpg","https://iiif.archives.ncbs.res.in/iiif/2/89caea41-6682-41be-9bdf-85fa581e8938/full/800,/0/default.jpg","https://iiif.archives.ncbs.res.in/iiif/2/89caea41-6682-41be-9bdf-85fa581e8938/full/450,/0/default.jpg",https://collections.archives.ncbs.res.in/server/iiif/4b4f7120-fe4e-4b00-b1f5-f72e38f0b5f2/manifest,https://archives.ncbs.res.in/access,https://archives.ncbs.res.in/takedown,Open Access,Western Ghats (India)--Chamarajnagar--Mysore( Princely state)- India-Karnataka,,,Forests,Landscape--Western Ghats,,,,,Shola forests,,,,"Coleman, Leslie C.",Forests;Landscape--Western Ghats;Shola forests
obj_76,Leslie Coleman,ca 1928-1931,Black and White Photograph,1,,Scenes from Garstead',"Family photo album, loose sheets -- Tea gatherings, visits to hills and historic sites across Mysore, LCC's children. Part 2 of 3, ca 1924-1928, Undated: Loose sheets approx. 25 pp, over 100 photographs, mostly 2x3 inches. Includes: Field sites and paddy granaries, ragi field, Experimental Union Field Day, ""Tea in our Compound, 1928"", LCC on tractor, Taj Mahal and Fatehpur Sikri, LCC and Phebe playing a game on a ship, Butler's family, Coffee growing and drying processes, Attikan Pulp House, Bellagi Hills, Trekking trip to Farewell Rock, photos of LCC's children - Louisa and Leslie Jr., with Phebe and the children's caretakers/ayah.",Image shows hilltop in a distance.,,Archives at NCBS,MS-012-5-1-3-20,https://collections.archives.ncbs.res.in/handle/42412/105,"https://iiif.archives.ncbs.res.in/iiif/2/92d07ca1-6d13-4a7b-af29-a88eab8f7833/full/1758,/0/default.jpg","https://iiif.archives.ncbs.res.in/iiif/2/92d07ca1-6d13-4a7b-af29-a88eab8f7833/full/800,/0/default.jpg","https://iiif.archives.ncbs.res.in/iiif/2/92d07ca1-6d13-4a7b-af29-a88eab8f7833/full/450,/0/default.jpg",https://collections.archives.ncbs.res.in/server/iiif/4b4f7120-fe4e-4b00-b1f5-f72e38f0b5f2/manifest,https://archives.ncbs.res.in/access,https://archives.ncbs.res.in/takedown,Open Access,Western Ghats (India)--Chamarajnagar--Mysore( Princely state)- India-Karnataka,,,Forests,Landscape--Western Ghats,,,,,Shola forests,,,,"Coleman, Leslie C.",Forests;Landscape--Western Ghats;Shola forests
obj_77,Leslie Coleman,ca 1928-1931,Black and White Photograph,1,,None,"Family photo album, loose sheets -- Tea gatherings, visits to hills and historic sites across Mysore, LCC's children. Part 2 of 3, ca 1924-1928, Undated: Loose sheets approx. 25 pp, over 100 photographs, mostly 2x3 inches. Includes: Field sites and paddy granaries, ragi field, Experimental Union Field Day, ""Tea in our Compound, 1928"", LCC on tractor, Taj Mahal and Fatehpur Sikri, LCC and Phebe playing a game on a ship, Butler's family, Coffee growing and drying processes, Attikan Pulp House, Bellagi Hills, Trekking trip to Farewell Rock, photos of LCC's children - Louisa and Leslie Jr., with Phebe and the children's caretakers/ayah.",Image shows two people standing in shade with hills in the background.,,Archives at NCBS,MS-012-5-1-3-20,https://collections.archives.ncbs.res.in/handle/42412/105,"https://iiif.archives.ncbs.res.in/iiif/2/5e50867e-eaf0-444b-accc-bb035223625a/full/1374,/0/default.jpg","https://iiif.archives.ncbs.res.in/iiif/2/5e50867e-eaf0-444b-accc-bb035223625a/full/800,/0/default.jpg","https://iiif.archives.ncbs.res.in/iiif/2/5e50867e-eaf0-444b-accc-bb035223625a/full/450,/0/default.jpg",https://collections.archives.ncbs.res.in/server/iiif/4b4f7120-fe4e-4b00-b1f5-f72e38f0b5f2/manifest,https://archives.ncbs.res.in/access,https://archives.ncbs.res.in/takedown,Open Access,Western Ghats (India)--Chamarajnagar--Mysore( Princely state)- India-Karnataka,,,,,,,,,,,,,"Coleman, Leslie C.",
obj_78,Leslie Coleman,ca 1928-1931,Black and White Photograph,1,,Looking in the pool near Machan',"Family photo album, loose sheets -- Tea gatherings, visits to hills and historic sites across Mysore, LCC's children. Part 2 of 3, ca 1924-1928, Undated: Loose sheets approx. 25 pp, over 100 photographs, mostly 2x3 inches. Includes: Field sites and paddy granaries, ragi field, Experimental Union Field Day, ""Tea in our Compound, 1928"", LCC on tractor, Taj Mahal and Fatehpur Sikri, LCC and Phebe playing a game on a ship, Butler's family, Coffee growing and drying processes, Attikan Pulp House, Bellagi Hills, Trekking trip to Farewell Rock, photos of LCC's children - Louisa and Leslie Jr., with Phebe and the children's caretakers/ayah.",Three people standing in a semi dried water hole.,,Archives at NCBS,MS-012-5-1-3-20,https://collections.archives.ncbs.res.in/handle/42412/105,"https://iiif.archives.ncbs.res.in/iiif/2/9154aa55-1d8b-43b4-b019-1632156d2764/full/1423,/0/default.jpg","https://iiif.archives.ncbs.res.in/iiif/2/9154aa55-1d8b-43b4-b019-1632156d2764/full/800,/0/default.jpg","https://iiif.archives.ncbs.res.in/iiif/2/9154aa55-1d8b-43b4-b019-1632156d2764/full/450,/0/default.jpg",https://collections.archives.ncbs.res.in/server/iiif/4b4f7120-fe4e-4b00-b1f5-f72e38f0b5f2/manifest,https://archives.ncbs.res.in/access,https://archives.ncbs.res.in/takedown,Open Access,Western Ghats (India)--Chamarajnagar--Mysore( Princely state)- India-Karnataka,,,Forests,,,,,,,,,Coleman Family,"Coleman, Leslie C.",Forests
obj_79,Leslie Coleman,ca 1928-1931,Black and White Photograph,1,Middle aged,Carpenters',"Family photo album, loose sheets -- Tea gatherings, visits to hills and historic sites across Mysore, LCC's children. Part 2 of 3, ca 1924-1928, Undated: Loose sheets approx. 25 pp, over 100 photographs, mostly 2x3 inches. Includes: Field sites and paddy granaries, ragi field, Experimental Union Field Day, ""Tea in our Compound, 1928"", LCC on tractor, Taj Mahal and Fatehpur Sikri, LCC and Phebe playing a game on a ship, Butler's family, Coffee growing and drying processes, Attikan Pulp House, Bellagi Hills, Trekking trip to Farewell Rock, photos of LCC's children - Louisa and Leslie Jr., with Phebe and the children's caretakers/ayah.",Image shows two people doing woodwork.,,Archives at NCBS,MS-012-5-1-3-20,https://collections.archives.ncbs.res.in/handle/42412/105,"https://iiif.archives.ncbs.res.in/iiif/2/490e3809-86b7-423f-9695-69ebc47186b0/full/1374,/0/default.jpg","https://iiif.archives.ncbs.res.in/iiif/2/490e3809-86b7-423f-9695-69ebc47186b0/full/800,/0/default.jpg","https://iiif.archives.ncbs.res.in/iiif/2/490e3809-86b7-423f-9695-69ebc47186b0/full/450,/0/default.jpg",https://collections.archives.ncbs.res.in/server/iiif/4b4f7120-fe4e-4b00-b1f5-f72e38f0b5f2/manifest,https://archives.ncbs.res.in/access,https://archives.ncbs.res.in/takedown,Open Access,Western Ghats (India)--Chamarajnagar--Mysore( Princely state)- India-Karnataka,Soligar,,,,,Manners and customs--Solega,,,,,,,"Coleman, Leslie C.",Soligar;Manners and customs--Solega
obj_80,Leslie Coleman,ca 1928-1931,Black and White Photograph,1,,"C.W, mr & mrs Yove, PR.C'","Family photo album, loose sheets -- Tea gatherings, visits to hills and historic sites across Mysore, LCC's children. Part 2 of 3, ca 1924-1928, Undated: Loose sheets approx. 25 pp, over 100 photographs, mostly 2x3 inches. Includes: Field sites and paddy granaries, ragi field, Experimental Union Field Day, ""Tea in our Compound, 1928"", LCC on tractor, Taj Mahal and Fatehpur Sikri, LCC and Phebe playing a game on a ship, Butler's family, Coffee growing and drying processes, Attikan Pulp House, Bellagi Hills, Trekking trip to Farewell Rock, photos of LCC's children - Louisa and Leslie Jr., with Phebe and the children's caretakers/ayah.",Image shows four people posing for a group photo.,,Archives at NCBS,MS-012-5-1-3-20,https://collections.archives.ncbs.res.in/handle/42412/105,"https://iiif.archives.ncbs.res.in/iiif/2/c1954977-ab0d-4729-87cd-980652533443/full/1597,/0/default.jpg","https://iiif.archives.ncbs.res.in/iiif/2/c1954977-ab0d-4729-87cd-980652533443/full/800,/0/default.jpg","https://iiif.archives.ncbs.res.in/iiif/2/c1954977-ab0d-4729-87cd-980652533443/full/450,/0/default.jpg",https://collections.archives.ncbs.res.in/server/iiif/4b4f7120-fe4e-4b00-b1f5-f72e38f0b5f2/manifest,https://archives.ncbs.res.in/access,https://archives.ncbs.res.in/takedown,Open Access,Western Ghats (India)--Chamarajnagar--Mysore( Princely state)- India-Karnataka,,,Forests,,,,,,,,,Coleman Family,"Coleman, Leslie C.",Forests
obj_81,Leslie Coleman,ca 1928-1931,Black and White Photograph,1,,Behind the bungelow',"Family photo album, loose sheets -- Tea gatherings, visits to hills and historic sites across Mysore, LCC's children. Part 2 of 3, ca 1924-1928, Undated: Loose sheets approx. 25 pp, over 100 photographs, mostly 2x3 inches. Includes: Field sites and paddy granaries, ragi field, Experimental Union Field Day, ""Tea in our Compound, 1928"", LCC on tractor, Taj Mahal and Fatehpur Sikri, LCC and Phebe playing a game on a ship, Butler's family, Coffee growing and drying processes, Attikan Pulp House, Bellagi Hills, Trekking trip to Farewell Rock, photos of LCC's children - Louisa and Leslie Jr., with Phebe and the children's caretakers/ayah.",Image show steel containers.,,Archives at NCBS,MS-012-5-1-3-20,https://collections.archives.ncbs.res.in/handle/42412/105,"https://iiif.archives.ncbs.res.in/iiif/2/9085a5f2-1325-474f-9b85-37aedb6d1068/full/1460,/0/default.jpg","https://iiif.archives.ncbs.res.in/iiif/2/9085a5f2-1325-474f-9b85-37aedb6d1068/full/800,/0/default.jpg","https://iiif.archives.ncbs.res.in/iiif/2/9085a5f2-1325-474f-9b85-37aedb6d1068/full/450,/0/default.jpg",https://collections.archives.ncbs.res.in/server/iiif/4b4f7120-fe4e-4b00-b1f5-f72e38f0b5f2/manifest,https://archives.ncbs.res.in/access,https://archives.ncbs.res.in/takedown,Open Access,Western Ghats (India)--Chamarajnagar--Mysore( Princely state)- India-Karnataka,Soligar,,Forests,,Coffee plantations,Manners and customs--Solega,,,,,,,"Coleman, Leslie C.",Soligar;Forests;Coffee plantations;Manners and customs--Solega
obj_82,Leslie Coleman,ca 1928-1931,Black and White Photograph,1,,"On the farewell rock C. W. mr. Morris, PR.C, mr. Foley, mrs. Morris, mr. Yove'","Family photo album, loose sheets -- Tea gatherings, visits to hills and historic sites across Mysore, LCC's children. Part 2 of 3, ca 1924-1928, Undated: Loose sheets approx. 25 pp, over 100 photographs, mostly 2x3 inches. Includes: Field sites and paddy granaries, ragi field, Experimental Union Field Day, ""Tea in our Compound, 1928"", LCC on tractor, Taj Mahal and Fatehpur Sikri, LCC and Phebe playing a game on a ship, Butler's family, Coffee growing and drying processes, Attikan Pulp House, Bellagi Hills, Trekking trip to Farewell Rock, photos of LCC's children - Louisa and Leslie Jr., with Phebe and the children's caretakers/ayah.",Image shows six people posing for a group photo with hills in the background.,,Archives at NCBS,MS-012-5-1-3-20,https://collections.archives.ncbs.res.in/handle/42412/105,"https://iiif.archives.ncbs.res.in/iiif/2/1f11e924-6741-4c3e-b1ad-03188d3c533a/full/2760,/0/default.jpg","https://iiif.archives.ncbs.res.in/iiif/2/1f11e924-6741-4c3e-b1ad-03188d3c533a/full/800,/0/default.jpg","https://iiif.archives.ncbs.res.in/iiif/2/1f11e924-6741-4c3e-b1ad-03188d3c533a/full/450,/0/default.jpg",https://collections.archives.ncbs.res.in/server/iiif/4b4f7120-fe4e-4b00-b1f5-f72e38f0b5f2/manifest,https://archives.ncbs.res.in/access,https://archives.ncbs.res.in/takedown,Open Access,Western Ghats (India)--Chamarajnagar--Mysore( Princely state)- India-Karnataka,,,Forests,Landscape--Western Ghats,Coffee plantations,,,,,,Morris' Family,Coleman Family,"Coleman, Leslie C.",Forests;Landscape--Western Ghats;Coffee plantations
obj_83,Leslie Coleman,ca 1928-1931,Black and White Photograph,1,Middle aged and Elders,Sholagas on Farewell Rock',"Family photo album, loose sheets -- Tea gatherings, visits to hills and historic sites across Mysore, LCC's children. Part 2 of 3, ca 1924-1928, Undated: Loose sheets approx. 25 pp, over 100 photographs, mostly 2x3 inches. Includes: Field sites and paddy granaries, ragi field, Experimental Union Field Day, ""Tea in our Compound, 1928"", LCC on tractor, Taj Mahal and Fatehpur Sikri, LCC and Phebe playing a game on a ship, Butler's family, Coffee growing and drying processes, Attikan Pulp House, Bellagi Hills, Trekking trip to Farewell Rock, photos of LCC's children - Louisa and Leslie Jr., with Phebe and the children's caretakers/ayah.",Image shows people with guns posing for a group photo.,Depicts adult members of the Solega community posing with arms. The photo was taken at Farewell Rock with the BR Hills in the backdrop.,Archives at NCBS,MS-012-5-1-3-20,https://collections.archives.ncbs.res.in/handle/42412/105,"https://iiif.archives.ncbs.res.in/iiif/2/12c00c54-d58a-4d72-9b90-ee7d700c3028/full/2760,/0/default.jpg","https://iiif.archives.ncbs.res.in/iiif/2/12c00c54-d58a-4d72-9b90-ee7d700c3028/full/800,/0/default.jpg","https://iiif.archives.ncbs.res.in/iiif/2/12c00c54-d58a-4d72-9b90-ee7d700c3028/full/450,/0/default.jpg",https://collections.archives.ncbs.res.in/server/iiif/4b4f7120-fe4e-4b00-b1f5-f72e38f0b5f2/manifest,https://archives.ncbs.res.in/access,https://archives.ncbs.res.in/takedown,Open Access,Western Ghats (India)--Chamarajnagar--Mysore( Princely state)- India-Karnataka,Soligar,,Forests,,Coffee plantations,,,,,,,,"Coleman, Leslie C.",Soligar;Forests;Coffee plantations
obj_84,Leslie Coleman,ca 1928-1931,Black and White Photograph,1,,P.R.C drinking beer',"Family photo album, loose sheets -- Tea gatherings, visits to hills and historic sites across Mysore, LCC's children. Part 2 of 3, ca 1924-1928, Undated: Loose sheets approx. 25 pp, over 100 photographs, mostly 2x3 inches. Includes: Field sites and paddy granaries, ragi field, Experimental Union Field Day, ""Tea in our Compound, 1928"", LCC on tractor, Taj Mahal and Fatehpur Sikri, LCC and Phebe playing a game on a ship, Butler's family, Coffee growing and drying processes, Attikan Pulp House, Bellagi Hills, Trekking trip to Farewell Rock, photos of LCC's children - Louisa and Leslie Jr., with Phebe and the children's caretakers/ayah.",Image shows a person drinking.,,Archives at NCBS,MS-012-5-1-3-20,https://collections.archives.ncbs.res.in/handle/42412/105,"https://iiif.archives.ncbs.res.in/iiif/2/01c5911e-4b03-4e7d-aa92-3b67e2e91784/full/2624,/0/default.jpg","https://iiif.archives.ncbs.res.in/iiif/2/01c5911e-4b03-4e7d-aa92-3b67e2e91784/full/800,/0/default.jpg","https://iiif.archives.ncbs.res.in/iiif/2/01c5911e-4b03-4e7d-aa92-3b67e2e91784/full/450,/0/default.jpg",https://collections.archives.ncbs.res.in/server/iiif/4b4f7120-fe4e-4b00-b1f5-f72e38f0b5f2/manifest,https://archives.ncbs.res.in/access,https://archives.ncbs.res.in/takedown,Open Access,Western Ghats (India)--Chamarajnagar--Mysore( Princely state)- India-Karnataka,,,Forests,Landscape--Western Ghats,,,,,,,,Coleman Family,"Coleman, Leslie C.",Forests;Landscape--Western Ghats
obj_85,Leslie Coleman,ca 1928-1931,Black and White Photograph,1,,"In the jungle. Mrs Foley, C.W, maj Foley,mrs Morris, P.R.C'","Family photo album, loose sheets -- Tea gatherings, visits to hills and historic sites across Mysore, LCC's children. Part 2 of 3, ca 1924-1928, Undated: Loose sheets approx. 25 pp, over 100 photographs, mostly 2x3 inches. Includes: Field sites and paddy granaries, ragi field, Experimental Union Field Day, ""Tea in our Compound, 1928"", LCC on tractor, Taj Mahal and Fatehpur Sikri, LCC and Phebe playing a game on a ship, Butler's family, Coffee growing and drying processes, Attikan Pulp House, Bellagi Hills, Trekking trip to Farewell Rock, photos of LCC's children - Louisa and Leslie Jr., with Phebe and the children's caretakers/ayah.",Image shows five people posing for a group photo.,,Archives at NCBS,MS-012-5-1-3-20,https://collections.archives.ncbs.res.in/handle/42412/105,"https://iiif.archives.ncbs.res.in/iiif/2/2895a440-f7fd-4d74-bb6d-1a49044f2bd1/full/2921,/0/default.jpg","https://iiif.archives.ncbs.res.in/iiif/2/2895a440-f7fd-4d74-bb6d-1a49044f2bd1/full/800,/0/default.jpg","https://iiif.archives.ncbs.res.in/iiif/2/2895a440-f7fd-4d74-bb6d-1a49044f2bd1/full/450,/0/default.jpg",https://collections.archives.ncbs.res.in/server/iiif/4b4f7120-fe4e-4b00-b1f5-f72e38f0b5f2/manifest,https://archives.ncbs.res.in/access,https://archives.ncbs.res.in/takedown,Open Access,Western Ghats (India)--Chamarajnagar--Mysore( Princely state)- India-Karnataka,,,Forests,Landscape--Western Ghats,,,,,,,Morris' Family,Coleman Family,"Coleman, Leslie C.",Forests;Landscape--Western Ghats
obj_86,Leslie Coleman,ca 1928-1931,Black and White Photograph,1,,L.E.C & L.C.C',"Family photo album, loose sheets -- Tea gatherings, visits to hills and historic sites across Mysore, LCC's children. Part 2 of 3, ca 1924-1928, Undated: Loose sheets approx. 25 pp, over 100 photographs, mostly 2x3 inches. Includes: Field sites and paddy granaries, ragi field, Experimental Union Field Day, ""Tea in our Compound, 1928"", LCC on tractor, Taj Mahal and Fatehpur Sikri, LCC and Phebe playing a game on a ship, Butler's family, Coffee growing and drying processes, Attikan Pulp House, Bellagi Hills, Trekking trip to Farewell Rock, photos of LCC's children - Louisa and Leslie Jr., with Phebe and the children's caretakers/ayah.",Image shows two children standing next to a fence.,,Archives at NCBS,MS-012-5-1-3-20,https://collections.archives.ncbs.res.in/handle/42412/105,"https://iiif.archives.ncbs.res.in/iiif/2/dcafca54-f6e6-435b-87f6-708b26ec0b67/full/1386,/0/default.jpg","https://iiif.archives.ncbs.res.in/iiif/2/dcafca54-f6e6-435b-87f6-708b26ec0b67/full/800,/0/default.jpg","https://iiif.archives.ncbs.res.in/iiif/2/dcafca54-f6e6-435b-87f6-708b26ec0b67/full/450,/0/default.jpg",https://collections.archives.ncbs.res.in/server/iiif/4b4f7120-fe4e-4b00-b1f5-f72e38f0b5f2/manifest,https://archives.ncbs.res.in/access,https://archives.ncbs.res.in/takedown,Open Access,Western Ghats (India)--Chamarajnagar--Mysore( Princely state)- India-Karnataka,,,,,Coffee plantations,,,,,,,Coleman Family,"Coleman, Leslie C.",Coffee plantations
obj_87,Leslie Coleman,ca 1928-1931,Black and White Photograph,1,,L.E.C & L.C.C',"Family photo album, loose sheets -- Tea gatherings, visits to hills and historic sites across Mysore, LCC's children. Part 2 of 3, ca 1924-1928, Undated: Loose sheets approx. 25 pp, over 100 photographs, mostly 2x3 inches. Includes: Field sites and paddy granaries, ragi field, Experimental Union Field Day, ""Tea in our Compound, 1928"", LCC on tractor, Taj Mahal and Fatehpur Sikri, LCC and Phebe playing a game on a ship, Butler's family, Coffee growing and drying processes, Attikan Pulp House, Bellagi Hills, Trekking trip to Farewell Rock, photos of LCC's children - Louisa and Leslie Jr., with Phebe and the children's caretakers/ayah.",Image shows two children standing next to a fence.,,Archives at NCBS,MS-012-5-1-3-20,https://collections.archives.ncbs.res.in/handle/42412/105,"https://iiif.archives.ncbs.res.in/iiif/2/3cd8f23e-5013-4aac-bfcb-4a47855028ae/full/1349,/0/default.jpg","https://iiif.archives.ncbs.res.in/iiif/2/3cd8f23e-5013-4aac-bfcb-4a47855028ae/full/800,/0/default.jpg","https://iiif.archives.ncbs.res.in/iiif/2/3cd8f23e-5013-4aac-bfcb-4a47855028ae/full/450,/0/default.jpg",https://collections.archives.ncbs.res.in/server/iiif/4b4f7120-fe4e-4b00-b1f5-f72e38f0b5f2/manifest,https://archives.ncbs.res.in/access,https://archives.ncbs.res.in/takedown,Open Access,Western Ghats (India)--Chamarajnagar--Mysore( Princely state)- India-Karnataka,,,,,Coffee plantations,,,,,,,Coleman Family,"Coleman, Leslie C.",Coffee plantations
obj_88,Leslie Coleman,ca 1928-1931,Black and White Photograph,1,,L.E.C',"Family photo album, loose sheets -- Tea gatherings, visits to hills and historic sites across Mysore, LCC's children. Part 2 of 3, ca 1924-1928, Undated: Loose sheets approx. 25 pp, over 100 photographs, mostly 2x3 inches. Includes: Field sites and paddy granaries, ragi field, Experimental Union Field Day, ""Tea in our Compound, 1928"", LCC on tractor, Taj Mahal and Fatehpur Sikri, LCC and Phebe playing a game on a ship, Butler's family, Coffee growing and drying processes, Attikan Pulp House, Bellagi Hills, Trekking trip to Farewell Rock, photos of LCC's children - Louisa and Leslie Jr., with Phebe and the children's caretakers/ayah.",Image shows a child standing next to a fence near the stream.,,Archives at NCBS,MS-012-5-1-3-20,https://collections.archives.ncbs.res.in/handle/42412/105,"https://iiif.archives.ncbs.res.in/iiif/2/8ea14f0c-92f2-47c2-b4e5-225e5fdf06a8/full/1361,/0/default.jpg","https://iiif.archives.ncbs.res.in/iiif/2/8ea14f0c-92f2-47c2-b4e5-225e5fdf06a8/full/800,/0/default.jpg","https://iiif.archives.ncbs.res.in/iiif/2/8ea14f0c-92f2-47c2-b4e5-225e5fdf06a8/full/450,/0/default.jpg",https://collections.archives.ncbs.res.in/server/iiif/4b4f7120-fe4e-4b00-b1f5-f72e38f0b5f2/manifest,https://archives.ncbs.res.in/access,https://archives.ncbs.res.in/takedown,Open Access,Western Ghats (India)--Chamarajnagar--Mysore( Princely state)- India-Karnataka,,,,,Coffee plantations,,,,,,,Coleman Family,"Coleman, Leslie C.",Coffee plantations
obj_89,Leslie Coleman,ca 1928-1931,Black and White Photograph,1,,L.C.C',"Family photo album, loose sheets -- Tea gatherings, visits to hills and historic sites across Mysore, LCC's children. Part 2 of 3, ca 1924-1928, Undated: Loose sheets approx. 25 pp, over 100 photographs, mostly 2x3 inches. Includes: Field sites and paddy granaries, ragi field, Experimental Union Field Day, ""Tea in our Compound, 1928"", LCC on tractor, Taj Mahal and Fatehpur Sikri, LCC and Phebe playing a game on a ship, Butler's family, Coffee growing and drying processes, Attikan Pulp House, Bellagi Hills, Trekking trip to Farewell Rock, photos of LCC's children - Louisa and Leslie Jr., with Phebe and the children's caretakers/ayah.",Image shows a child standing near steps.,,Archives at NCBS,MS-012-5-1-3-20,https://collections.archives.ncbs.res.in/handle/42412/105,"https://iiif.archives.ncbs.res.in/iiif/2/81d826fc-1545-4fdc-93b9-6a8a75df2812/full/2258,/0/default.jpg","https://iiif.archives.ncbs.res.in/iiif/2/81d826fc-1545-4fdc-93b9-6a8a75df2812/full/800,/0/default.jpg","https://iiif.archives.ncbs.res.in/iiif/2/81d826fc-1545-4fdc-93b9-6a8a75df2812/full/450,/0/default.jpg",https://collections.archives.ncbs.res.in/server/iiif/4b4f7120-fe4e-4b00-b1f5-f72e38f0b5f2/manifest,https://archives.ncbs.res.in/access,https://archives.ncbs.res.in/takedown,Open Access,Western Ghats (India)--Chamarajnagar--Mysore( Princely state)- India-Karnataka,,,,,Coffee plantations,,,,,,,Coleman Family,"Coleman, Leslie C.",Coffee plantations
obj_90,Leslie Coleman,ca 1928-1931,Black and White Photograph,1,,L.C.C & C.W',"Family photo album, loose sheets -- Tea gatherings, visits to hills and historic sites across Mysore, LCC's children. Part 2 of 3, ca 1924-1928, Undated: Loose sheets approx. 25 pp, over 100 photographs, mostly 2x3 inches. Includes: Field sites and paddy granaries, ragi field, Experimental Union Field Day, ""Tea in our Compound, 1928"", LCC on tractor, Taj Mahal and Fatehpur Sikri, LCC and Phebe playing a game on a ship, Butler's family, Coffee growing and drying processes, Attikan Pulp House, Bellagi Hills, Trekking trip to Farewell Rock, photos of LCC's children - Louisa and Leslie Jr., with Phebe and the children's caretakers/ayah.",Image shows a woman posing with a child.,,Archives at NCBS,MS-012-5-1-3-20,https://collections.archives.ncbs.res.in/handle/42412/105,"https://iiif.archives.ncbs.res.in/iiif/2/f0917e43-a4cd-47f6-98e5-eac80b3b1a68/full/1386,/0/default.jpg","https://iiif.archives.ncbs.res.in/iiif/2/f0917e43-a4cd-47f6-98e5-eac80b3b1a68/full/800,/0/default.jpg","https://iiif.archives.ncbs.res.in/iiif/2/f0917e43-a4cd-47f6-98e5-eac80b3b1a68/full/450,/0/default.jpg",https://collections.archives.ncbs.res.in/server/iiif/4b4f7120-fe4e-4b00-b1f5-f72e38f0b5f2/manifest,https://archives.ncbs.res.in/access,https://archives.ncbs.res.in/takedown,Open Access,Western Ghats (India)--Chamarajnagar--Mysore( Princely state)- India-Karnataka,Soligar,,,,Coffee plantations,,,,,,,Coleman Family,"Coleman, Leslie C.",Soligar;Coffee plantations
obj_91,Leslie Coleman,ca 1928-1931,Black and White Photograph,1,,L.C.C & P.R.C',"Family photo album, loose sheets -- Tea gatherings, visits to hills and historic sites across Mysore, LCC's children. Part 2 of 3, ca 1924-1928, Undated: Loose sheets approx. 25 pp, over 100 photographs, mostly 2x3 inches. Includes: Field sites and paddy granaries, ragi field, Experimental Union Field Day, ""Tea in our Compound, 1928"", LCC on tractor, Taj Mahal and Fatehpur Sikri, LCC and Phebe playing a game on a ship, Butler's family, Coffee growing and drying processes, Attikan Pulp House, Bellagi Hills, Trekking trip to Farewell Rock, photos of LCC's children - Louisa and Leslie Jr., with Phebe and the children's caretakers/ayah.",Image shows a woman posing with a child.,,Archives at NCBS,MS-012-5-1-3-20,https://collections.archives.ncbs.res.in/handle/42412/105,"https://iiif.archives.ncbs.res.in/iiif/2/8b643a3a-a44a-47d0-9366-6542afdaba48/full/2258,/0/default.jpg","https://iiif.archives.ncbs.res.in/iiif/2/8b643a3a-a44a-47d0-9366-6542afdaba48/full/800,/0/default.jpg","https://iiif.archives.ncbs.res.in/iiif/2/8b643a3a-a44a-47d0-9366-6542afdaba48/full/450,/0/default.jpg",https://collections.archives.ncbs.res.in/server/iiif/4b4f7120-fe4e-4b00-b1f5-f72e38f0b5f2/manifest,https://archives.ncbs.res.in/access,https://archives.ncbs.res.in/takedown,Open Access,Western Ghats (India)--Chamarajnagar--Mysore( Princely state)- India-Karnataka,,,,,Coffee plantations,,,,,,,Coleman Family,"Coleman, Leslie C.",Coffee plantations
obj_92,Leslie Coleman,ca 1928-1931,Black and White Photograph,1,,L.E.C',"Family photo album, loose sheets -- Tea gatherings, visits to hills and historic sites across Mysore, LCC's children. Part 2 of 3, ca 1924-1928, Undated: Loose sheets approx. 25 pp, over 100 photographs, mostly 2x3 inches. Includes: Field sites and paddy granaries, ragi field, Experimental Union Field Day, ""Tea in our Compound, 1928"", LCC on tractor, Taj Mahal and Fatehpur Sikri, LCC and Phebe playing a game on a ship, Butler's family, Coffee growing and drying processes, Attikan Pulp House, Bellagi Hills, Trekking trip to Farewell Rock, photos of LCC's children - Louisa and Leslie Jr., with Phebe and the children's caretakers/ayah.",Image shows a child sitting on rock near the stream.,,Archives at NCBS,MS-012-5-1-3-20,https://collections.archives.ncbs.res.in/handle/42412/105,"https://iiif.archives.ncbs.res.in/iiif/2/676d4655-af34-4377-a417-38141a4bce5c/full/1337,/0/default.jpg","https://iiif.archives.ncbs.res.in/iiif/2/676d4655-af34-4377-a417-38141a4bce5c/full/800,/0/default.jpg","https://iiif.archives.ncbs.res.in/iiif/2/676d4655-af34-4377-a417-38141a4bce5c/full/450,/0/default.jpg",https://collections.archives.ncbs.res.in/server/iiif/4b4f7120-fe4e-4b00-b1f5-f72e38f0b5f2/manifest,https://archives.ncbs.res.in/access,https://archives.ncbs.res.in/takedown,Open Access,Western Ghats (India)--Chamarajnagar--Mysore( Princely state)- India-Karnataka,,,,,Coffee plantations,,,,,,,Coleman Family,"Coleman, Leslie C.",Coffee plantations
obj_93,Leslie Coleman,ca 1928-1931,Black and White Photograph,1,,L.E.C & L.C.C',"Family photo album, loose sheets -- Tea gatherings, visits to hills and historic sites across Mysore, LCC's children. Part 2 of 3, ca 1924-1928, Undated: Loose sheets approx. 25 pp, over 100 photographs, mostly 2x3 inches. Includes: Field sites and paddy granaries, ragi field, Experimental Union Field Day, ""Tea in our Compound, 1928"", LCC on tractor, Taj Mahal and Fatehpur Sikri, LCC and Phebe playing a game on a ship, Butler's family, Coffee growing and drying processes, Attikan Pulp House, Bellagi Hills, Trekking trip to Farewell Rock, photos of LCC's children - Louisa and Leslie Jr., with Phebe and the children's caretakers/ayah.",Image shows two children sitting on rock near the stream.,,Archives at NCBS,MS-012-5-1-3-20,https://collections.archives.ncbs.res.in/handle/42412/105,"https://iiif.archives.ncbs.res.in/iiif/2/37e516e9-f932-4d62-a857-4a34f16324d7/full/1386,/0/default.jpg","https://iiif.archives.ncbs.res.in/iiif/2/37e516e9-f932-4d62-a857-4a34f16324d7/full/800,/0/default.jpg","https://iiif.archives.ncbs.res.in/iiif/2/37e516e9-f932-4d62-a857-4a34f16324d7/full/450,/0/default.jpg",https://collections.archives.ncbs.res.in/server/iiif/4b4f7120-fe4e-4b00-b1f5-f72e38f0b5f2/manifest,https://archives.ncbs.res.in/access,https://archives.ncbs.res.in/takedown,Open Access,Western Ghats (India)--Chamarajnagar--Mysore( Princely state)- India-Karnataka,,,Forests,,Coffee plantations,,,,,,,Coleman Family,"Coleman, Leslie C.",Forests;Coffee plantations
obj_94,Leslie Coleman,ca 1928-1931,Black and White Photograph,1,,L.C.C & L.E.C',"Family photo album, loose sheets -- Tea gatherings, visits to hills and historic sites across Mysore, LCC's children. Part 2 of 3, ca 1924-1928, Undated: Loose sheets approx. 25 pp, over 100 photographs, mostly 2x3 inches. Includes: Field sites and paddy granaries, ragi field, Experimental Union Field Day, ""Tea in our Compound, 1928"", LCC on tractor, Taj Mahal and Fatehpur Sikri, LCC and Phebe playing a game on a ship, Butler's family, Coffee growing and drying processes, Attikan Pulp House, Bellagi Hills, Trekking trip to Farewell Rock, photos of LCC's children - Louisa and Leslie Jr., with Phebe and the children's caretakers/ayah.",Image shows two children sitting on rock near the stream.,,Archives at NCBS,MS-012-5-1-3-20,https://collections.archives.ncbs.res.in/handle/42412/105,"https://iiif.archives.ncbs.res.in/iiif/2/42dfde75-6229-4187-a8d4-06d6416bde52/full/1374,/0/default.jpg","https://iiif.archives.ncbs.res.in/iiif/2/42dfde75-6229-4187-a8d4-06d6416bde52/full/800,/0/default.jpg","https://iiif.archives.ncbs.res.in/iiif/2/42dfde75-6229-4187-a8d4-06d6416bde52/full/450,/0/default.jpg",https://collections.archives.ncbs.res.in/server/iiif/4b4f7120-fe4e-4b00-b1f5-f72e38f0b5f2/manifest,https://archives.ncbs.res.in/access,https://archives.ncbs.res.in/takedown,Open Access,Western Ghats (India)--Chamarajnagar--Mysore( Princely state)- India-Karnataka,,,Forests,,Coffee plantations,,,,,,,Coleman Family,"Coleman, Leslie C.",Forests;Coffee plantations
obj_95,Leslie Coleman,ca 1928-1931,Black and White Photograph,1,,Ragi & L.C.C',"Family photo album, loose sheets -- Tea gatherings, visits to hills and historic sites across Mysore, LCC's children. Part 2 of 3, ca 1924-1928, Undated: Loose sheets approx. 25 pp, over 100 photographs, mostly 2x3 inches. Includes: Field sites and paddy granaries, ragi field, Experimental Union Field Day, ""Tea in our Compound, 1928"", LCC on tractor, Taj Mahal and Fatehpur Sikri, LCC and Phebe playing a game on a ship, Butler's family, Coffee growing and drying processes, Attikan Pulp House, Bellagi Hills, Trekking trip to Farewell Rock, photos of LCC's children - Louisa and Leslie Jr., with Phebe and the children's caretakers/ayah.",Image shows a person carrying a child and posing.,,Archives at NCBS,MS-012-5-1-3-20,https://collections.archives.ncbs.res.in/handle/42412/105,"https://iiif.archives.ncbs.res.in/iiif/2/5da59823-c2ba-4136-be3a-9aec4b52d546/full/1386,/0/default.jpg","https://iiif.archives.ncbs.res.in/iiif/2/5da59823-c2ba-4136-be3a-9aec4b52d546/full/800,/0/default.jpg","https://iiif.archives.ncbs.res.in/iiif/2/5da59823-c2ba-4136-be3a-9aec4b52d546/full/450,/0/default.jpg",https://collections.archives.ncbs.res.in/server/iiif/4b4f7120-fe4e-4b00-b1f5-f72e38f0b5f2/manifest,https://archives.ncbs.res.in/access,https://archives.ncbs.res.in/takedown,Open Access,Western Ghats (India)--Chamarajnagar--Mysore( Princely state)- India-Karnataka,Soligar,,,,Coffee plantations,,,,,,,Coleman Family,"Coleman, Leslie C.",Soligar;Coffee plantations
obj_96,Leslie Coleman,ca 1928-1931,Black and White Photograph,1,Middle aged,L.E.C & Ayah & L.C.C',"Family photo album, loose sheets -- Tea gatherings, visits to hills and historic sites across Mysore, LCC's children. Part 2 of 3, ca 1924-1928, Undated: Loose sheets approx. 25 pp, over 100 photographs, mostly 2x3 inches. Includes: Field sites and paddy granaries, ragi field, Experimental Union Field Day, ""Tea in our Compound, 1928"", LCC on tractor, Taj Mahal and Fatehpur Sikri, LCC and Phebe playing a game on a ship, Butler's family, Coffee growing and drying processes, Attikan Pulp House, Bellagi Hills, Trekking trip to Farewell Rock, photos of LCC's children - Louisa and Leslie Jr., with Phebe and the children's caretakers/ayah.",Image shows a woman posing with two children.,,Archives at NCBS,MS-012-5-1-3-20,https://collections.archives.ncbs.res.in/handle/42412/105,"https://iiif.archives.ncbs.res.in/iiif/2/a357f885-d68c-4ca7-aef3-71917da48786/full/1386,/0/default.jpg","https://iiif.archives.ncbs.res.in/iiif/2/a357f885-d68c-4ca7-aef3-71917da48786/full/800,/0/default.jpg","https://iiif.archives.ncbs.res.in/iiif/2/a357f885-d68c-4ca7-aef3-71917da48786/full/450,/0/default.jpg",https://collections.archives.ncbs.res.in/server/iiif/4b4f7120-fe4e-4b00-b1f5-f72e38f0b5f2/manifest,https://archives.ncbs.res.in/access,https://archives.ncbs.res.in/takedown,Open Access,Western Ghats (India)--Chamarajnagar--Mysore( Princely state)- India-Karnataka,Soligar,,,,Coffee plantations,,,,,,,Coleman Family,"Coleman, Leslie C.",Soligar;Coffee plantations
obj_97,Leslie Coleman,ca 1928-1931,Black and White Photograph,1,Middle aged,Cook & L.C.C',"Family photo album, loose sheets -- Tea gatherings, visits to hills and historic sites across Mysore, LCC's children. Part 2 of 3, ca 1924-1928, Undated: Loose sheets approx. 25 pp, over 100 photographs, mostly 2x3 inches. Includes: Field sites and paddy granaries, ragi field, Experimental Union Field Day, ""Tea in our Compound, 1928"", LCC on tractor, Taj Mahal and Fatehpur Sikri, LCC and Phebe playing a game on a ship, Butler's family, Coffee growing and drying processes, Attikan Pulp House, Bellagi Hills, Trekking trip to Farewell Rock, photos of LCC's children - Louisa and Leslie Jr., with Phebe and the children's caretakers/ayah.",Image shows a man carrying a child and posing.,,Archives at NCBS,MS-012-5-1-3-20,https://collections.archives.ncbs.res.in/handle/42412/105,"https://iiif.archives.ncbs.res.in/iiif/2/4696770a-19da-43f6-9385-5e7eef09a2f6/full/1386,/0/default.jpg","https://iiif.archives.ncbs.res.in/iiif/2/4696770a-19da-43f6-9385-5e7eef09a2f6/full/800,/0/default.jpg","https://iiif.archives.ncbs.res.in/iiif/2/4696770a-19da-43f6-9385-5e7eef09a2f6/full/450,/0/default.jpg",https://collections.archives.ncbs.res.in/server/iiif/4b4f7120-fe4e-4b00-b1f5-f72e38f0b5f2/manifest,https://archives.ncbs.res.in/access,https://archives.ncbs.res.in/takedown,Open Access,Western Ghats (India)--Chamarajnagar--Mysore( Princely state)- India-Karnataka,Soligar,,,,Coffee plantations,,,,,,,Coleman Family,"Coleman, Leslie C.",Soligar;Coffee plantations
obj_98,Leslie Coleman,ca 1928-1931,Black and White Photograph,1,Middle aged,Kitchen Cooly',"Family photo album, loose sheets -- Tea gatherings, visits to hills and historic sites across Mysore, LCC's children. Part 2 of 3, ca 1924-1928, Undated: Loose sheets approx. 25 pp, over 100 photographs, mostly 2x3 inches. Includes: Field sites and paddy granaries, ragi field, Experimental Union Field Day, ""Tea in our Compound, 1928"", LCC on tractor, Taj Mahal and Fatehpur Sikri, LCC and Phebe playing a game on a ship, Butler's family, Coffee growing and drying processes, Attikan Pulp House, Bellagi Hills, Trekking trip to Farewell Rock, photos of LCC's children - Louisa and Leslie Jr., with Phebe and the children's caretakers/ayah.",Image shows man with a shoulder pole.,,Archives at NCBS,MS-012-5-1-3-20,https://collections.archives.ncbs.res.in/handle/42412/105,"https://iiif.archives.ncbs.res.in/iiif/2/6168a0e9-71a2-4ff0-b51e-9e214b2d5234/full/1374,/0/default.jpg","https://iiif.archives.ncbs.res.in/iiif/2/6168a0e9-71a2-4ff0-b51e-9e214b2d5234/full/800,/0/default.jpg","https://iiif.archives.ncbs.res.in/iiif/2/6168a0e9-71a2-4ff0-b51e-9e214b2d5234/full/450,/0/default.jpg",https://collections.archives.ncbs.res.in/server/iiif/4b4f7120-fe4e-4b00-b1f5-f72e38f0b5f2/manifest,https://archives.ncbs.res.in/access,https://archives.ncbs.res.in/takedown,Open Access,Western Ghats (India)--Chamarajnagar--Mysore( Princely state)- India-Karnataka,Soligar,,,,Coffee plantations,,,,,,,,"Coleman, Leslie C.",Soligar;Coffee plantations
obj_99,Leslie Coleman,ca 1928-1931,Black and White Photograph,1,,L.E.C at the Spring',"Family photo album, loose sheets -- Tea gatherings, visits to hills and historic sites across Mysore, LCC's children. Part 2 of 3, ca 1924-1928, Undated: Loose sheets approx. 25 pp, over 100 photographs, mostly 2x3 inches. Includes: Field sites and paddy granaries, ragi field, Experimental Union Field Day, ""Tea in our Compound, 1928"", LCC on tractor, Taj Mahal and Fatehpur Sikri, LCC and Phebe playing a game on a ship, Butler's family, Coffee growing and drying processes, Attikan Pulp House, Bellagi Hills, Trekking trip to Farewell Rock, photos of LCC's children - Louisa and Leslie Jr., with Phebe and the children's caretakers/ayah.",Image shows a child sitting next to a stream.,,Archives at NCBS,MS-012-5-1-3-20,https://collections.archives.ncbs.res.in/handle/42412/105,"https://iiif.archives.ncbs.res.in/iiif/2/3bb06a32-326e-4ece-b407-75d3d49bcdcd/full/1386,/0/default.jpg","https://iiif.archives.ncbs.res.in/iiif/2/3bb06a32-326e-4ece-b407-75d3d49bcdcd/full/800,/0/default.jpg","https://iiif.archives.ncbs.res.in/iiif/2/3bb06a32-326e-4ece-b407-75d3d49bcdcd/full/450,/0/default.jpg",https://collections.archives.ncbs.res.in/server/iiif/4b4f7120-fe4e-4b00-b1f5-f72e38f0b5f2/manifest,https://archives.ncbs.res.in/access,https://archives.ncbs.res.in/takedown,Open Access,Western Ghats (India)--Chamarajnagar--Mysore( Princely state)- India-Karnataka,,,,,Coffee plantations,,,,,,,Coleman Family,"Coleman, Leslie C.",Coffee plantations
obj_100,Leslie Coleman,ca 1928-1931,Black and White Photograph,1,Middle aged,Ayah & L.C.C',"Family photo album, loose sheets -- Tea gatherings, visits to hills and historic sites across Mysore, LCC's children. Part 2 of 3, ca 1924-1928, Undated: Loose sheets approx. 25 pp, over 100 photographs, mostly 2x3 inches. Includes: Field sites and paddy granaries, ragi field, Experimental Union Field Day, ""Tea in our Compound, 1928"", LCC on tractor, Taj Mahal and Fatehpur Sikri, LCC and Phebe playing a game on a ship, Butler's family, Coffee growing and drying processes, Attikan Pulp House, Bellagi Hills, Trekking trip to Farewell Rock, photos of LCC's children - Louisa and Leslie Jr., with Phebe and the children's caretakers/ayah.",Image shows a woman carrying a child and posing.,,Archives at NCBS,MS-012-5-1-3-20,https://collections.archives.ncbs.res.in/handle/42412/105,"https://iiif.archives.ncbs.res.in/iiif/2/bbc062eb-b61c-4d37-befd-6516b56d6949/full/1312,/0/default.jpg","https://iiif.archives.ncbs.res.in/iiif/2/bbc062eb-b61c-4d37-befd-6516b56d6949/full/800,/0/default.jpg","https://iiif.archives.ncbs.res.in/iiif/2/bbc062eb-b61c-4d37-befd-6516b56d6949/full/450,/0/default.jpg",https://collections.archives.ncbs.res.in/server/iiif/4b4f7120-fe4e-4b00-b1f5-f72e38f0b5f2/manifest,https://archives.ncbs.res.in/access,https://archives.ncbs.res.in/takedown,Open Access,Western Ghats (India)--Chamarajnagar--Mysore( Princely state)- India-Karnataka,Soligar,,,,Coffee plantations,,,,,,,Coleman Family,"Coleman, Leslie C.",Soligar;Coffee plantations
obj_101,Leslie Coleman,ca 1928-1931,Black and White Photograph,1,Middle aged,"L.E.C, Ayah, Peon, L.C.C'","Family photo album, loose sheets -- Tea gatherings, visits to hills and historic sites across Mysore, LCC's children. Part 2 of 3, ca 1924-1928, Undated: Loose sheets approx. 25 pp, over 100 photographs, mostly 2x3 inches. Includes: Field sites and paddy granaries, ragi field, Experimental Union Field Day, ""Tea in our Compound, 1928"", LCC on tractor, Taj Mahal and Fatehpur Sikri, LCC and Phebe playing a game on a ship, Butler's family, Coffee growing and drying processes, Attikan Pulp House, Bellagi Hills, Trekking trip to Farewell Rock, photos of LCC's children - Louisa and Leslie Jr., with Phebe and the children's caretakers/ayah.",Image shows three people posing with children.,,Archives at NCBS,MS-012-5-1-3-20,https://collections.archives.ncbs.res.in/handle/42412/105,"https://iiif.archives.ncbs.res.in/iiif/2/da4986bf-1390-42fb-ac20-95e0087ca6ad/full/1386,/0/default.jpg","https://iiif.archives.ncbs.res.in/iiif/2/da4986bf-1390-42fb-ac20-95e0087ca6ad/full/800,/0/default.jpg","https://iiif.archives.ncbs.res.in/iiif/2/da4986bf-1390-42fb-ac20-95e0087ca6ad/full/450,/0/default.jpg",https://collections.archives.ncbs.res.in/server/iiif/4b4f7120-fe4e-4b00-b1f5-f72e38f0b5f2/manifest,https://archives.ncbs.res.in/access,https://archives.ncbs.res.in/takedown,Open Access,Western Ghats (India)--Chamarajnagar--Mysore( Princely state)- India-Karnataka,,,,,Coffee plantations,,,,,,,,"Coleman, Leslie C.",Coffee plantations
obj_102,Leslie Coleman,ca 1928-1931,Black and White Photograph,1,Middle aged,"Ayah, L.E.C, L.C.C'","Family photo album, loose sheets -- Tea gatherings, visits to hills and historic sites across Mysore, LCC's children. Part 2 of 3, ca 1924-1928, Undated: Loose sheets approx. 25 pp, over 100 photographs, mostly 2x3 inches. Includes: Field sites and paddy granaries, ragi field, Experimental Union Field Day, ""Tea in our Compound, 1928"", LCC on tractor, Taj Mahal and Fatehpur Sikri, LCC and Phebe playing a game on a ship, Butler's family, Coffee growing and drying processes, Attikan Pulp House, Bellagi Hills, Trekking trip to Farewell Rock, photos of LCC's children - Louisa and Leslie Jr., with Phebe and the children's caretakers/ayah.",Image shows a woman posing with two children.,,Archives at NCBS,MS-012-5-1-3-20,https://collections.archives.ncbs.res.in/handle/42412/105,"https://iiif.archives.ncbs.res.in/iiif/2/8190858b-c0df-4aa7-9a97-a26bd336d0cb/full/1473,/0/default.jpg","https://iiif.archives.ncbs.res.in/iiif/2/8190858b-c0df-4aa7-9a97-a26bd336d0cb/full/800,/0/default.jpg","https://iiif.archives.ncbs.res.in/iiif/2/8190858b-c0df-4aa7-9a97-a26bd336d0cb/full/450,/0/default.jpg",https://collections.archives.ncbs.res.in/server/iiif/4b4f7120-fe4e-4b00-b1f5-f72e38f0b5f2/manifest,https://archives.ncbs.res.in/access,https://archives.ncbs.res.in/takedown,Open Access,Western Ghats (India)--Chamarajnagar--Mysore( Princely state)- India-Karnataka,Soligar,,,,Coffee plantations,,,,,,,Coleman Family,"Coleman, Leslie C.",Soligar;Coffee plantations
obj_103,Leslie Coleman,ca 1928-1931,Black and White Photograph,1,,Attikan P.R.C?',"Family photo album, loose sheets -- Tea gatherings, visits to hills and historic sites across Mysore, LCC's children. Part 2 of 3, ca 1924-1928, Undated: Loose sheets approx. 25 pp, over 100 photographs, mostly 2x3 inches. Includes: Field sites and paddy granaries, ragi field, Experimental Union Field Day, ""Tea in our Compound, 1928"", LCC on tractor, Taj Mahal and Fatehpur Sikri, LCC and Phebe playing a game on a ship, Butler's family, Coffee growing and drying processes, Attikan Pulp House, Bellagi Hills, Trekking trip to Farewell Rock, photos of LCC's children - Louisa and Leslie Jr., with Phebe and the children's caretakers/ayah.",Image shows two people standing next to a building.,,Archives at NCBS,MS-012-5-1-3-20,https://collections.archives.ncbs.res.in/handle/42412/105,"https://iiif.archives.ncbs.res.in/iiif/2/522409f4-a59d-4f41-9a33-4a973bb0a23b/full/1374,/0/default.jpg","https://iiif.archives.ncbs.res.in/iiif/2/522409f4-a59d-4f41-9a33-4a973bb0a23b/full/800,/0/default.jpg","https://iiif.archives.ncbs.res.in/iiif/2/522409f4-a59d-4f41-9a33-4a973bb0a23b/full/450,/0/default.jpg",https://collections.archives.ncbs.res.in/server/iiif/4b4f7120-fe4e-4b00-b1f5-f72e38f0b5f2/manifest,https://archives.ncbs.res.in/access,https://archives.ncbs.res.in/takedown,Open Access,Western Ghats (India)--Chamarajnagar--Mysore( Princely state)- India-Karnataka,Soligar,,,,Coffee plantations,,,,,,,Coleman Family,"Coleman, Leslie C.",Soligar;Coffee plantations
obj_104,Leslie Coleman,ca 1928-1931,Black and White Photograph,1,,None,"Loose Photos -- Part 2 of 7 -- Family and home in India, ca 1928-1933, Undated: ""Loose Photos with some ID, mostly in Phebe Ropes Coleman's hand, some seem to be in the hand of her niece, Constance (Connie) Williams"" -- Part 2: Family: Leslie Coleman, Phebe Coleman, Louisa, Leslie Jr, Family dogs (Patrick and Bubbles), Aruldas, Miss Laybourne, Honnametti Bungalow, Yeluval Bungalow, Lecily (?) Gemmell, Hillside in Bangalore [21 photos, 2x3 in]",Image shows a woman and two children in front of a building.,,Archives at NCBS,MS-012-5-4-4-14,https://collections.archives.ncbs.res.in/handle/42412/120,"https://iiif.archives.ncbs.res.in/iiif/2/cc98fd4e-7c9a-4fe6-9ea2-14e2b06108d3/full/2031,/0/default.jpg","https://iiif.archives.ncbs.res.in/iiif/2/cc98fd4e-7c9a-4fe6-9ea2-14e2b06108d3/full/800,/0/default.jpg","https://iiif.archives.ncbs.res.in/iiif/2/cc98fd4e-7c9a-4fe6-9ea2-14e2b06108d3/full/450,/0/default.jpg",https://collections.archives.ncbs.res.in/server/iiif/8b3645d4-2d30-463c-b8be-0770ae50cc4f/manifest,https://archives.ncbs.res.in/access,https://archives.ncbs.res.in/takedown,Open Access,Western Ghats (India)--Chamarajnagar--Mysore( Princely state)- India-Karnataka,,,,,Coffee plantations,,,,,,,Coleman Family,"Coleman, Leslie C.",Coffee plantations
obj_105,Leslie Coleman,ca 1928-1931,Black and White Photograph,1,,Honnametti bunglow. Miss Coloquhoun and children',"Loose Photos -- Part 2 of 7 -- Family and home in India, ca 1928-1933, Undated: ""Loose Photos with some ID, mostly in Phebe Ropes Coleman's hand, some seem to be in the hand of her niece, Constance (Connie) Williams"" -- Part 2: Family: Leslie Coleman, Phebe Coleman, Louisa, Leslie Jr, Family dogs (Patrick and Bubbles), Aruldas, Miss Laybourne, Honnametti Bungalow, Yeluval Bungalow, Lecily (?) Gemmell, Hillside in Bangalore [21 photos, 2x3 in]",Honnametti bunglow. Miss Coloquhoun and children.,,Archives at NCBS,MS-012-5-4-4-14,https://collections.archives.ncbs.res.in/handle/42412/120,"https://iiif.archives.ncbs.res.in/iiif/2/59ff90ac-11f0-4f2b-8945-d7cc3033c0cb/full/2028,/0/default.jpg","https://iiif.archives.ncbs.res.in/iiif/2/59ff90ac-11f0-4f2b-8945-d7cc3033c0cb/full/800,/0/default.jpg","https://iiif.archives.ncbs.res.in/iiif/2/59ff90ac-11f0-4f2b-8945-d7cc3033c0cb/full/450,/0/default.jpg",https://collections.archives.ncbs.res.in/server/iiif/8b3645d4-2d30-463c-b8be-0770ae50cc4f/manifest,https://archives.ncbs.res.in/access,https://archives.ncbs.res.in/takedown,Open Access,Western Ghats (India)--Chamarajnagar--Mysore( Princely state)- India-Karnataka,,,,,,,,,,,,,"Coleman, Leslie C.",
obj_106,Leslie Coleman,ca 1928-1931,Black and White Photograph,1,,None,"Family photo album, loose sheets -- Bangalore home, Nilgiris, Mysore -- Part 2 of 4, ca 1924-1929: In envelope titled ""Shyamal 2019-09-26. appears to cover 1924-1929. Includes house on Ali Asker Road; Attikan estate; Rayankere; Palace dairy"" -- Part 2: Lambanis; Marikanive 1925; Snake charmer; Band; Board of Agriculture meeting 1924; Century Club; Hudugur; 7 Ali Asker Road House in Bangalore.",Image shows people walking hill slopes with rifles.,,Archives at NCBS,MS-012-5-4-4-16,https://collections.archives.ncbs.res.in/handle/42412/122,"https://iiif.archives.ncbs.res.in/iiif/2/6810ff8c-ca6c-4351-aec5-61a6f0fcc46e/full/1997,/0/default.jpg","https://iiif.archives.ncbs.res.in/iiif/2/6810ff8c-ca6c-4351-aec5-61a6f0fcc46e/full/800,/0/default.jpg","https://iiif.archives.ncbs.res.in/iiif/2/6810ff8c-ca6c-4351-aec5-61a6f0fcc46e/full/450,/0/default.jpg",https://collections.archives.ncbs.res.in/server/iiif/7376384c-f64f-448d-bb4e-4cb0ff2d4185/manifest,https://archives.ncbs.res.in/access,https://archives.ncbs.res.in/takedown,Open Access,Western Ghats (India)--Chamarajnagar--Mysore( Princely state)- India-Karnataka,Soligar,,Forests,Landscape--Western Ghats,,,Savanna ecology--India,,,Hunting trophies -- Collection and Preservation -- Shikar--India,,Coleman Family,"Coleman, Leslie C.",Soligar;Forests;Landscape--Western Ghats;Savanna ecology--India;Hunting trophies -- Collection and Preservation -- Shikar--India
obj_107,Leslie Coleman,ca 1928-1931,Black and White Photograph,1,,In the side of Honnemetti Hills- Chamrajanagar State forest in distance',"Family photo album, loose sheets -- Bangalore home, Nilgiris, Mysore -- Part 2 of 4, ca 1924-1929: In envelope titled ""Shyamal 2019-09-26. appears to cover 1924-1929. Includes house on Ali Asker Road; Attikan estate; Rayankere; Palace dairy"" -- Part 2: Lambanis; Marikanive 1925; Snake charmer; Band; Board of Agriculture meeting 1924; Century Club; Hudugur; 7 Ali Asker Road House in Bangalore.",Back side of a photo with the note-'In the side of Honnametti Hills- Chamrajanagar State forest in distance',,Archives at NCBS,MS-012-5-4-4-16,https://collections.archives.ncbs.res.in/handle/42412/122,"https://iiif.archives.ncbs.res.in/iiif/2/36bd2b83-3af5-416a-a2c7-ba5d43f1da46/full/2010,/0/default.jpg","https://iiif.archives.ncbs.res.in/iiif/2/36bd2b83-3af5-416a-a2c7-ba5d43f1da46/full/800,/0/default.jpg","https://iiif.archives.ncbs.res.in/iiif/2/36bd2b83-3af5-416a-a2c7-ba5d43f1da46/full/450,/0/default.jpg",https://collections.archives.ncbs.res.in/server/iiif/7376384c-f64f-448d-bb4e-4cb0ff2d4185/manifest,https://archives.ncbs.res.in/access,https://archives.ncbs.res.in/takedown,Open Access,Western Ghats (India)--Chamarajnagar--Mysore( Princely state)- India-Karnataka,,,,,,,,,,,,,"Coleman, Leslie C.",
obj_108,Leslie Coleman,ca 1928-1931,Black and White Photograph,1,,None,"Family photo album, loose sheets -- Bangalore home, Nilgiris, Mysore -- Part 2 of 4, ca 1924-1929: In envelope titled ""Shyamal 2019-09-26. appears to cover 1924-1929. Includes house on Ali Asker Road; Attikan estate; Rayankere; Palace dairy"" -- Part 2: Lambanis; Marikanive 1925; Snake charmer; Band; Board of Agriculture meeting 1924; Century Club; Hudugur; 7 Ali Asker Road House in Bangalore.",Image shows people walking hill slopes with rifles.,"“Starting on the beat”, depicts members of the Solega community and Coleman armed for hunting. On the ground one can spot the Eesilu plant (Euphorbia esula), used by the Solega community members as culinary delicacy as well as for making household items like broomsticks.",Archives at NCBS,MS-012-5-4-4-16,https://collections.archives.ncbs.res.in/handle/42412/122,"https://iiif.archives.ncbs.res.in/iiif/2/cae12c55-6267-48ba-91e4-35bb73d949a3/full/1986,/0/default.jpg","https://iiif.archives.ncbs.res.in/iiif/2/cae12c55-6267-48ba-91e4-35bb73d949a3/full/800,/0/default.jpg","https://iiif.archives.ncbs.res.in/iiif/2/cae12c55-6267-48ba-91e4-35bb73d949a3/full/450,/0/default.jpg",https://collections.archives.ncbs.res.in/server/iiif/7376384c-f64f-448d-bb4e-4cb0ff2d4185/manifest,https://archives.ncbs.res.in/access,https://archives.ncbs.res.in/takedown,Open Access,Western Ghats (India)--Chamarajnagar--Mysore( Princely state)- India-Karnataka,Soligar,,Forests,Landscape--Western Ghats,,,Savanna ecology--India,,,Hunting trophies -- Collection and Preservation -- Shikar--India,,Coleman Family,"Coleman, Leslie C.",Soligar;Forests;Landscape--Western Ghats;Savanna ecology--India;Hunting trophies -- Collection and Preservation -- Shikar--India
obj_109,Leslie Coleman,ca 1928-1931,Black and White Photograph,1,,"Starting for the beat. Ralph Morris, L.C.C & Sholagas'","Family photo album, loose sheets -- Bangalore home, Nilgiris, Mysore -- Part 2 of 4, ca 1924-1929: In envelope titled ""Shyamal 2019-09-26. appears to cover 1924-1929. Includes house on Ali Asker Road; Attikan estate; Rayankere; Palace dairy"" -- Part 2: Lambanis; Marikanive 1925; Snake charmer; Band; Board of Agriculture meeting 1924; Century Club; Hudugur; 7 Ali Asker Road House in Bangalore.","Back side of a photo with the note - 'Starting for the beat. Ralph Morris, L.C.C & Sholagas'",,Archives at NCBS,MS-012-5-4-4-16,https://collections.archives.ncbs.res.in/handle/42412/122,"https://iiif.archives.ncbs.res.in/iiif/2/a0f0c320-d581-4390-9571-35e6b673a72d/full/2010,/0/default.jpg","https://iiif.archives.ncbs.res.in/iiif/2/a0f0c320-d581-4390-9571-35e6b673a72d/full/800,/0/default.jpg","https://iiif.archives.ncbs.res.in/iiif/2/a0f0c320-d581-4390-9571-35e6b673a72d/full/450,/0/default.jpg",https://collections.archives.ncbs.res.in/server/iiif/7376384c-f64f-448d-bb4e-4cb0ff2d4185/manifest,https://archives.ncbs.res.in/access,https://archives.ncbs.res.in/takedown,Open Access,Western Ghats (India)--Chamarajnagar--Mysore( Princely state)- India-Karnataka,,,,,,,,,,,,,"Coleman, Leslie C.",
obj_110,Leslie Coleman,ca 1928-1931,Black and White Photograph,1,,None,"Loose Photos -- Part 5 of 7 -- Research, farm / field visits, agricultural work, Undated: ""Loose Photos with some ID, mostly in Phebe Ropes Coleman's hand, some seem to be in the hand of her niece, Constance (Connie) Williams"" -- Part 5: Sugarcane fields, most others unidentified [11 photos. Approx. 3x5 in, some 2x3 in]",Image shows a coffee drying yard.,,,MS-012-5-4-4-17,https://collections.archives.ncbs.res.in/handle/42412/123,"https://iiif.archives.ncbs.res.in/iiif/2/876de656-6c58-4f9c-a5bc-b3d8c1b68cc7/full/1340,/0/default.jpg","https://iiif.archives.ncbs.res.in/iiif/2/876de656-6c58-4f9c-a5bc-b3d8c1b68cc7/full/800,/0/default.jpg","https://iiif.archives.ncbs.res.in/iiif/2/876de656-6c58-4f9c-a5bc-b3d8c1b68cc7/full/450,/0/default.jpg",https://collections.archives.ncbs.res.in/server/iiif/62851e66-2fb3-4519-84c2-c29a3d224121/manifest,https://archives.ncbs.res.in/access,https://archives.ncbs.res.in/takedown,Open Access,Western Ghats (India)--Chamarajnagar--Mysore( Princely state)- India-Karnataka,,,,,Coffee plantations,,,,,,,,"Coleman, Leslie C.",Coffee plantations
obj_111,Leslie Coleman,ca 1928-1931,Black and White Photograph,1,,None,"Loose Photos -- Part 7 of 7 -- Travels, Undated: ""Loose Photos with some ID, mostly in Phebe Ropes Coleman's hand, some seem to be in the hand of her niece, Constance Williams"" -- Part 7: Travel: Sravana Belagola Jain Shrine, Belur Temple, Sivasamudram, Jog Falls, Halebid, Machan stay [12 photos, approx. 2x3 in]",Image shows a Machan.,,Archives at NCBS,MS-012-5-4-4-19,https://collections.archives.ncbs.res.in/handle/42412/125,"https://iiif.archives.ncbs.res.in/iiif/2/74fe9b05-ab7b-4ad7-964e-8ed9347ca79d/full/1397,/0/default.jpg","https://iiif.archives.ncbs.res.in/iiif/2/74fe9b05-ab7b-4ad7-964e-8ed9347ca79d/full/800,/0/default.jpg","https://iiif.archives.ncbs.res.in/iiif/2/74fe9b05-ab7b-4ad7-964e-8ed9347ca79d/full/450,/0/default.jpg",https://collections.archives.ncbs.res.in/server/iiif/ac1bae92-bc01-42a3-be1d-f53b38d8d1c1/manifest,https://archives.ncbs.res.in/access,https://archives.ncbs.res.in/takedown,Open Access,Western Ghats (India)--Chamarajnagar--Mysore( Princely state)- India-Karnataka,,,,Landscape--Western Ghats,,Manners and customs--Solega,Savanna ecology--India,,,,,,"Coleman, Leslie C.",Landscape--Western Ghats;Manners and customs--Solega;Savanna ecology--India
obj_112,Leslie Coleman,ca 1928-1931,Black and White Photograph,1,,Machan where we spent the night. Four can sleep comfortably',"Loose Photos -- Part 7 of 7 -- Travels, Undated: ""Loose Photos with some ID, mostly in Phebe Ropes Coleman's hand, some seem to be in the hand of her niece, Constance Williams"" -- Part 7: Travel: Sravana Belagola Jain Shrine, Belur Temple, Sivasamudram, Jog Falls, Halebid, Machan stay [12 photos, approx. 2x3 in]",Back side of a photo with the note - 'Machan where we spent the night. Four can sleep comfortably',,Archives at NCBS,MS-012-5-4-4-19,https://collections.archives.ncbs.res.in/handle/42412/125,"https://iiif.archives.ncbs.res.in/iiif/2/a160145d-5577-4ff8-9eeb-cbb5b9d8f29c/full/1466,/0/default.jpg","https://iiif.archives.ncbs.res.in/iiif/2/a160145d-5577-4ff8-9eeb-cbb5b9d8f29c/full/800,/0/default.jpg","https://iiif.archives.ncbs.res.in/iiif/2/a160145d-5577-4ff8-9eeb-cbb5b9d8f29c/full/450,/0/default.jpg",https://collections.archives.ncbs.res.in/server/iiif/ac1bae92-bc01-42a3-be1d-f53b38d8d1c1/manifest,https://archives.ncbs.res.in/access,https://archives.ncbs.res.in/takedown,Open Access,Western Ghats (India)--Chamarajnagar--Mysore( Princely state)- India-Karnataka,,,,,,,,,,,,,"Coleman, Leslie C.",
obj_113,Leslie Coleman,ca 1928-1931,Black and White Photograph,1,,None,"Loose Photos -- Part 7 of 7 -- Travels, Undated: ""Loose Photos with some ID, mostly in Phebe Ropes Coleman's hand, some seem to be in the hand of her niece, Constance Williams"" -- Part 7: Travel: Sravana Belagola Jain Shrine, Belur Temple, Sivasamudram, Jog Falls, Halebid, Machan stay [12 photos, approx. 2x3 in]",Image shows two people posing near the Machan.,,Archives at NCBS,MS-012-5-4-4-19,https://collections.archives.ncbs.res.in/handle/42412/125,"https://iiif.archives.ncbs.res.in/iiif/2/7df21d35-f748-4981-b10e-2068892a23be/full/1472,/0/default.jpg","https://iiif.archives.ncbs.res.in/iiif/2/7df21d35-f748-4981-b10e-2068892a23be/full/800,/0/default.jpg","https://iiif.archives.ncbs.res.in/iiif/2/7df21d35-f748-4981-b10e-2068892a23be/full/450,/0/default.jpg",https://collections.archives.ncbs.res.in/server/iiif/ac1bae92-bc01-42a3-be1d-f53b38d8d1c1/manifest,https://archives.ncbs.res.in/access,https://archives.ncbs.res.in/takedown,Open Access,Western Ghats (India)--Chamarajnagar--Mysore( Princely state)- India-Karnataka,,,Forests,Landscape--Western Ghats,,Manners and customs--Solega,Savanna ecology--India,,,,,Coleman Family,"Coleman, Leslie C.",Forests;Landscape--Western Ghats;Manners and customs--Solega;Savanna ecology--India
obj_114,Leslie Coleman,ca 1928-1931,Black and White Photograph,1,,Climbing ladder of another machan. Ralph Morris at foot & Capt Colquhoun',"Loose Photos -- Part 7 of 7 -- Travels, Undated: ""Loose Photos with some ID, mostly in Phebe Ropes Coleman's hand, some seem to be in the hand of her niece, Constance Williams"" -- Part 7: Travel: Sravana Belagola Jain Shrine, Belur Temple, Sivasamudram, Jog Falls, Halebid, Machan stay [12 photos, approx. 2x3 in]",Back side of a photo with the note- 'Climbing ladder of another machan. Ralph Morris at foot & Capt Colquhoun',,Archives at NCBS,MS-012-5-4-4-19,https://collections.archives.ncbs.res.in/handle/42412/125,"https://iiif.archives.ncbs.res.in/iiif/2/5eff9c99-09a1-4f9d-a33b-c7e1128cecca/full/1502,/0/default.jpg","https://iiif.archives.ncbs.res.in/iiif/2/5eff9c99-09a1-4f9d-a33b-c7e1128cecca/full/800,/0/default.jpg","https://iiif.archives.ncbs.res.in/iiif/2/5eff9c99-09a1-4f9d-a33b-c7e1128cecca/full/450,/0/default.jpg",https://collections.archives.ncbs.res.in/server/iiif/ac1bae92-bc01-42a3-be1d-f53b38d8d1c1/manifest,https://archives.ncbs.res.in/access,https://archives.ncbs.res.in/takedown,Open Access,Western Ghats (India)--Chamarajnagar--Mysore( Princely state)- India-Karnataka,,,,,,,,,,,,,"Coleman, Leslie C.",
obj_115,Leslie Coleman,ca 1928-2014,Black and White Photograph,1,,None,"Print of digital photograph of tombstone of ""Mary MacDonald, beloved wife of Dr Leslie Coleman"", Undated: Text on tombstone reads ""… Of Mary MacDonald, beloved wife of Dr Leslie Coleman, Director of Agriculture in Mysore. Born in Oakville, Canada on the 19th October, 1882. Died at Attikan on the 10th May, 1918"".",Image shows Mary MacDonald tombstone.,,Archives at NCBS,MS-012-5-4-4-22,https://collections.archives.ncbs.res.in/handle/42412/128,"https://iiif.archives.ncbs.res.in/iiif/2/35c96882-ec45-4214-ade3-bfd139756a0a/full/3341,/0/default.jpg","https://iiif.archives.ncbs.res.in/iiif/2/35c96882-ec45-4214-ade3-bfd139756a0a/full/800,/0/default.jpg","https://iiif.archives.ncbs.res.in/iiif/2/35c96882-ec45-4214-ade3-bfd139756a0a/full/450,/0/default.jpg",https://collections.archives.ncbs.res.in/server/iiif/a538d9d7-0356-4858-842b-2b3205d0c224/manifest,https://archives.ncbs.res.in/access,https://archives.ncbs.res.in/takedown,Open Access,Western Ghats (India)--Chamarajnagar--Mysore( Princely state)- India-Karnataka,,,,,,,,,,,,Coleman Family,"Coleman, Leslie C.",